symbol,category,name,mount,guidance,ship,class,rating,entitlement
SideWinder_Armour_Grade1,standard,Lightweight Alloy,,,Sidewinder,1,I,
SideWinder_Armour_Grade2,standard,Reinforced Alloy,,,Sidewinder,1,I,
SideWinder_Armour_Grade3,standard,Military Grade Composite,,,Sidewinder,1,I,
SideWinder_Armour_Mirrored,standard,Mirrored Surface Composite,,,Sidewinder,1,I,
SideWinder_Armour_Reactive,standard,Reactive Surface Composite,,,Sidewinder,1,I,
Eagle_Armour_Grade1,standard,Lightweight Alloy,,,Eagle,1,I,
Eagle_Armour_Grade2,standard,Reinforced Alloy,,,Eagle,1,I,
Eagle_Armour_Grade3,standard,Military Grade Composite,,,Eagle,1,I,
Eagle_Armour_Mirrored,standard,Mirrored Surface Composite,,,Eagle,1,I,
Eagle_Armour_Reactive,standard,Reactive Surface Composite,,,Eagle,1,I,
Hauler_Armour_Grade1,standard,Lightweight Alloy,,,Hauler,1,I,
Hauler_Armour_Grade2,standard,Reinforced Alloy,,,Hauler,1,I,
Hauler_Armour_Grade3,standard,Military Grade Composite,,,Hauler,1,I,
Hauler_Armour_Mirrored,standard,Mirrored Surface Composite,,,Hauler,1,I,
Hauler_Armour_Reactive,standard,Reactive Surface Composite,,,Hauler,1,I,
Adder_Armour_Grade1,standard,Lightweight Alloy,,,Adder,1,I,
Adder_Armour_Grade2,standard,Reinforced Alloy,,,Adder,1,I,
Adder_Armour_Grade3,standard,Military Grade Composite,,,Adder,1,I,
Adder_Armour_Mirrored,standard,Mirrored Surface Composite,,,Adder,1,I,
Adder_Armour_Reactive,standard,Reactive Surface Composite,,,Adder,1,I,
Viper_Armour_Grade1,standard,Lightweight Alloy,,,Viper MkIII,1,I,
Viper_Armour_Grade2,standard,Reinforced Alloy,,,Viper MkIII,1,I,
Viper_Armour_Grade3,standard,Military Grade Composite,,,Viper MkIII,1,I,
Viper_Armour_Mirrored,standard,Mirrored Surface Composite,,,Viper MkIII,1,I,
Viper_Armour_Reactive,standard,Reactive Surface Composite,,,Viper MkIII,1,I,
CobraMkIII_Armour_Grade1,standard,Lightweight Alloy,,,Cobra MkIII,1,I,
CobraMkIII_Armour_Grade2,standard,Reinforced Alloy,,,Cobra MkIII,1,I,
CobraMkIII_Armour_Grade3,standard,Military Grade Composite,,,Cobra MkIII,1,I,
CobraMkIII_Armour_Mirrored,standard,Mirrored Surface Composite,,,Cobra MkIII,1,I,
CobraMkIII_Armour_Reactive,standard,Reactive Surface Composite,,,Cobra MkIII,1,I,
Type6_Armour_Grade1,standard,Lightweight Alloy,,,Type-6 Transporter,1,I,
Type6_Armour_Grade2,standard,Reinforced Alloy,,,Type-6 Transporter,1,I,
Type6_Armour_Grade3,standard,Military Grade Composite,,,Type-6 Transporter,1,I,
Type6_Armour_Mirrored,standard,Mirrored Surface Composite,,,Type-6 Transporter,1,I,
Type6_Armour_Reactive,standard,Reactive Surface Composite,,,Type-6 Transporter,1,I,
Dolphin_Armour_Grade1,standard,Lightweight Alloy,,,Dolphin,1,I,
Dolphin_Armour_Grade2,standard,Reinforced Alloy,,,Dolphin,1,I,
Dolphin_Armour_Grade3,standard,Military Grade Composite,,,Dolphin,1,I,
Dolphin_Armour_Mirrored,standard,Mirrored Surface Composite,,,Dolphin,1,I,
Dolphin_Armour_Reactive,standard,Reactive Surface Composite,,,Dolphin,1,I,
Type7_Armour_Grade1,standard,Lightweight Alloy,,,Type-7 Transporter,1,I,
Type7_Armour_Grade2,standard,Reinforced Alloy,,,Type-7 Transporter,1,I,
Type7_Armour_Grade3,standard,Military Grade Composite,,,Type-7 Transporter,1,I,
Type7_Armour_Mirrored,standard,Mirrored Surface Composite,,,Type-7 Transporter,1,I,
Type7_Armour_Reactive,standard,Reactive Surface Composite,,,Type-7 Transporter,1,I,
Asp_Armour_Grade1,standard,Lightweight Alloy,,,Asp Explorer,1,I,
Asp_Armour_Grade2,standard,Reinforced Alloy,,,Asp Explorer,1,I,
Asp_Armour_Grade3,standard,Military Grade Composite,,,Asp Explorer,1,I,
Asp_Armour_Mirrored,standard,Mirrored Surface Composite,,,Asp Explorer,1,I,
Asp_Armour_Reactive,standard,Reactive Surface Composite,,,Asp Explorer,1,I,
Vulture_Armour_Grade1,standard,Lightweight Alloy,,,Vulture,1,I,
Vulture_Armour_Grade2,standard,Reinforced Alloy,,,Vulture,1,I,
Vulture_Armour_Grade3,standard,Military Grade Composite,,,Vulture,1,I,
Vulture_Armour_Mirrored,standard,Mirrored Surface Composite,,,Vulture,1,I,
Vulture_Armour_Reactive,standard,Reactive Surface Composite,,,Vulture,1,I,
Empire_Trader_Armour_Grade1,standard,Lightweight Alloy,,,Imperial Clipper,1,I,
Empire_Trader_Armour_Grade2,standard,Reinforced Alloy,,,Imperial Clipper,1,I,
Empire_Trader_Armour_Grade3,standard,Military Grade Composite,,,Imperial Clipper,1,I,
Empire_Trader_Armour_Mirrored,standard,Mirrored Surface Composite,,,Imperial Clipper,1,I,
Empire_Trader_Armour_Reactive,standard,Reactive Surface Composite,,,Imperial Clipper,1,I,
Federation_Dropship_Armour_Grade1,standard,Lightweight Alloy,,,Federal Dropship,1,I,
Federation_Dropship_Armour_Grade2,standard,Reinforced Alloy,,,Federal Dropship,1,I,
Federation_Dropship_Armour_Grade3,standard,Military Grade Composite,,,Federal Dropship,1,I,
Federation_Dropship_Armour_Mirrored,standard,Mirrored Surface Composite,,,Federal Dropship,1,I,
Federation_Dropship_Armour_Reactive,standard,Reactive Surface Composite,,,Federal Dropship,1,I,
Orca_Armour_Grade1,standard,Lightweight Alloy,,,Orca,1,I,
Orca_Armour_Grade2,standard,Reinforced Alloy,,,Orca,1,I,
Orca_Armour_Grade3,standard,Military Grade Composite,,,Orca,1,I,
Orca_Armour_Mirrored,standard,Mirrored Surface Composite,,,Orca,1,I,
Orca_Armour_Reactive,standard,Reactive Surface Composite,,,Orca,1,I,
Type9_Armour_Grade1,standard,Lightweight Alloy,,,Type-9 Heavy,1,I,
Type9_Armour_Grade2,standard,Reinforced Alloy,,,Type-9 Heavy,1,I,
Type9_Armour_Grade3,standard,Military Grade Composite,,,Type-9 Heavy,1,I,
Type9_Armour_Mirrored,standard,Mirrored Surface Composite,,,Type-9 Heavy,1,I,
Type9_Armour_Reactive,standard,Reactive Surface Composite,,,Type-9 Heavy,1,I,
Python_Armour_Grade1,standard,Lightweight Alloy,,,Python,1,I,
Python_Armour_Grade2,standard,Reinforced Alloy,,,Python,1,I,
Python_Armour_Grade3,standard,Military Grade Composite,,,Python,1,I,
Python_Armour_Mirrored,standard,Mirrored Surface Composite,,,Python,1,I,
Python_Armour_Reactive,standard,Reactive Surface Composite,,,Python,1,I,
BelugaLiner_Armour_Grade1,standard,Lightweight Alloy,,,Beluga Liner,1,I,
BelugaLiner_Armour_Grade2,standard,Reinforced Alloy,,,Beluga Liner,1,I,
BelugaLiner_Armour_Grade3,standard,Military Grade Composite,,,Beluga Liner,1,I,
BelugaLiner_Armour_Mirrored,standard,Mirrored Surface Composite,,,Beluga Liner,1,I,
BelugaLiner_Armour_Reactive,standard,Reactive Surface Composite,,,Beluga Liner,1,I,
FerDeLance_Armour_Grade1,standard,Lightweight Alloy,,,Fer-de-Lance,1,I,
FerDeLance_Armour_Grade2,standard,Reinforced Alloy,,,Fer-de-Lance,1,I,
FerDeLance_Armour_Grade3,standard,Military Grade Composite,,,Fer-de-Lance,1,I,
FerDeLance_Armour_Mirrored,standard,Mirrored Surface Composite,,,Fer-de-Lance,1,I,
FerDeLance_Armour_Reactive,standard,Reactive Surface Composite,,,Fer-de-Lance,1,I,
Anaconda_Armour_Grade1,standard,Lightweight Alloy,,,Anaconda,1,I,
Anaconda_Armour_Grade2,standard,Reinforced Alloy,,,Anaconda,1,I,
Anaconda_Armour_Grade3,standard,Military Grade Composite,,,Anaconda,1,I,
Anaconda_Armour_Mirrored,standard,Mirrored Surface Composite,,,Anaconda,1,I,
Anaconda_Armour_Reactive,standard,Reactive Surface Composite,,,Anaconda,1,I,
Federation_Corvette_Armour_Grade1,standard,Lightweight Alloy,,,Federal Corvette,1,I,
Federation_Corvette_Armour_Grade2,standard,Reinforced Alloy,,,Federal Corvette,1,I,
Federation_Corvette_Armour_Grade3,standard,Military Grade Composite,,,Federal Corvette,1,I,
Federation_Corvette_Armour_Mirrored,standard,Mirrored Surface Composite,,,Federal Corvette,1,I,
Federation_Corvette_Armour_Reactive,standard,Reactive Surface Composite,,,Federal Corvette,1,I,
Cutter_Armour_Grade1,standard,Lightweight Alloy,,,Imperial Cutter,1,I,
Cutter_Armour_Grade2,standard,Reinforced Alloy,,,Imperial Cutter,1,I,
Cutter_Armour_Grade3,standard,Military Grade Composite,,,Imperial Cutter,1,I,
Cutter_Armour_Mirrored,standard,Mirrored Surface Composite,,,Imperial Cutter,1,I,
Cutter_Armour_Reactive,standard,Reactive Surface Composite,,,Imperial Cutter,1,I,
Hpt_PulseLaser_Fixed_Small,hardpoint,Pulse Laser,Fixed,,,1,F,
Hpt_PulseLaser_Fixed_Medium,hardpoint,Pulse Laser,Fixed,,,2,E,
Hpt_PulseLaser_Fixed_Large,hardpoint,Pulse Laser,Fixed,,,3,D,
Hpt_PulseLaser_Fixed_Huge,hardpoint,Pulse Laser,Fixed,,,4,A,
Hpt_PulseLaser_Gimbal_Small,hardpoint,Pulse Laser,Gimballed,,,1,G,
Hpt_PulseLaser_Gimbal_Medium,hardpoint,Pulse Laser,Gimballed,,,2,F,
Hpt_PulseLaser_Gimbal_Large,hardpoint,Pulse Laser,Gimballed,,,3,E,
Hpt_PulseLaser_Turret_Small,hardpoint,Pulse Laser,Turreted,,,1,G,
Hpt_PulseLaser_Turret_Medium,hardpoint,Pulse Laser,Turreted,,,2,F,
Hpt_PulseLaser_Turret_Large,hardpoint,Pulse Laser,Turreted,,,3,F,
Hpt_PulseLaserBurst_Fixed_Small,hardpoint,Burst Laser,Fixed,,,1,F,
Hpt_PulseLaserBurst_Fixed_Medium,hardpoint,Burst Laser,Fixed,,,2,E,
Hpt_PulseLaserBurst_Fixed_Large,hardpoint,Burst Laser,Fixed,,,3,D,
Hpt_PulseLaserBurst_Fixed_Huge,hardpoint,Burst Laser,Fixed,,,4,E,
Hpt_PulseLaserBurst_Gimbal_Small,hardpoint,Burst Laser,Gimballed,,,1,G,
Hpt_PulseLaserBurst_Gimbal_Medium,hardpoint,Burst Laser,Gimballed,,,2,F,
Hpt_PulseLaserBurst_Gimbal_Large,hardpoint,Burst Laser,Gimballed,,,3,E,
Hpt_PulseLaserBurst_Turret_Small,hardpoint,Burst Laser,Turreted,,,1,G,
Hpt_PulseLaserBurst_Turret_Medium,hardpoint,Burst Laser,Turreted,,,2,F,
Hpt_PulseLaserBurst_Turret_Large,hardpoint,Burst Laser,Turreted,,,3,E,
Hpt_BeamLaser_Fixed_Small,hardpoint,Beam Laser,Fixed,,,1,E,
Hpt_BeamLaser_Fixed_Medium,hardpoint,Beam Laser,Fixed,,,2,D,
Hpt_BeamLaser_Fixed_Large,hardpoint,Beam Laser,Fixed,,,3,C,
Hpt_BeamLaser_Fixed_Huge,hardpoint,Beam Laser,Fixed,,,4,A,
Hpt_BeamLaser_Gimbal_Small,hardpoint,Beam Laser,Gimballed,,,1,E,
Hpt_BeamLaser_Gimbal_Medium,hardpoint,Beam Laser,Gimballed,,,2,D,
Hpt_BeamLaser_Gimbal_Large,hardpoint,Beam Laser,Gimballed,,,3,C,
Hpt_BeamLaser_Turret_Small,hardpoint,Beam Laser,Turreted,,,1,F,
Hpt_BeamLaser_Turret_Medium,hardpoint,Beam Laser,Turreted,,,2,E,
Hpt_BeamLaser_Turret_Large,hardpoint,Beam Laser,Turreted,,,3,D,
Hpt_Cannon_Fixed_Small,hardpoint,Cannon,Fixed,,,1,D,
Hpt_Cannon_Fixed_Medium,hardpoint,Cannon,Fixed,,,2,D,
Hpt_Cannon_Fixed_Large,hardpoint,Cannon,Fixed,,,3,C,
Hpt_Cannon_Fixed_Huge,hardpoint,Cannon,Fixed,,,4,B,
Hpt_Cannon_Gimbal_Small,hardpoint,Cannon,Gimballed,,,1,E,
Hpt_Cannon_Gimbal_Medium,hardpoint,Cannon,Gimballed,,,2,D,
Hpt_Cannon_Gimbal_Huge,hardpoint,Cannon,Gimballed,,,4,B,
Hpt_Cannon_Turret_Small,hardpoint,Cannon,Turreted,,,1,F,
Hpt_Cannon_Turret_Medium,hardpoint,Cannon,Turreted,,,2,E,
Hpt_Cannon_Turret_Large,hardpoint,Cannon,Turreted,,,3,D,
Hpt_Slugshot_Fixed_Small,hardpoint,Fragment Cannon,Fixed,,,1,E,
Hpt_Slugshot_Fixed_Medium,hardpoint,Fragment Cannon,Fixed,,,2,A,
Hpt_Slugshot_Fixed_Large,hardpoint,Fragment Cannon,Fixed,,,3,C,
Hpt_Slugshot_Gimbal_Small,hardpoint,Fragment Cannon,Gimballed,,,1,E,
Hpt_Slugshot_Gimbal_Medium,hardpoint,Fragment Cannon,Gimballed,,,2,D,
Hpt_Slugshot_Turret_Small,hardpoint,Fragment Cannon,Turreted,,,1,E,
Hpt_Slugshot_Turret_Medium,hardpoint,Fragment Cannon,Turreted,,,2,D,
Hpt_MultiCannon_Fixed_Small,hardpoint,Multi-Cannon,Fixed,,,1,F,
Hpt_MultiCannon_Fixed_Medium,hardpoint,Multi-Cannon,Fixed,,,2,E,
Hpt_MultiCannon_Fixed_Large,hardpoint,Multi-Cannon,Fixed,,,3,C,
Hpt_MultiCannon_Fixed_Huge,hardpoint,Multi-Cannon,Fixed,,,4,A,
Hpt_MultiCannon_Gimbal_Small,hardpoint,Multi-Cannon,Gimballed,,,1,G,
Hpt_MultiCannon_Gimbal_Medium,hardpoint,Multi-Cannon,Gimballed,,,2,F,
Hpt_MultiCannon_Gimbal_Large,hardpoint,Multi-Cannon,Gimballed,,,3,C,
Hpt_MultiCannon_Turret_Small,hardpoint,Multi-Cannon,Turreted,,,1,G,
Hpt_MultiCannon_Turret_Medium,hardpoint,Multi-Cannon,Turreted,,,2,F,
Hpt_MultiCannon_Turret_Large,hardpoint,Multi-Cannon,Turreted,,,3,E,ELITE_HORIZONS_V_PLANETARY_LANDINGS
Hpt_PlasmaAccelerator_Fixed_Medium,hardpoint,Plasma Accelerator,Fixed,,,2,C,
Hpt_PlasmaAccelerator_Fixed_Large,hardpoint,Plasma Accelerator,Fixed,,,3,B,
Hpt_PlasmaAccelerator_Fixed_Huge,hardpoint,Plasma Accelerator,Fixed,,,4,A,
Hpt_Railgun_Fixed_Small,hardpoint,Rail Gun,Fixed,,,1,D,
Hpt_Railgun_Fixed_Medium,hardpoint,Rail Gun,Fixed,,,2,B,
Hpt_BasicMissileRack_Fixed_Small,hardpoint,Seeker Missile Rack,Fixed,Seeker,,1,B,
Hpt_BasicMissileRack_Fixed_Medium,hardpoint,Seeker Missile Rack,Fixed,Seeker,,2,B,
Hpt_BasicMissileRack_Fixed_Large,hardpoint,Seeker Missile Rack,Fixed,Seeker,,3,A,ELITE_HORIZONS_V_PLANETARY_LANDINGS
Hpt_MineLauncher_Fixed_Small,hardpoint,Mine Launcher,Fixed,,,1,I,
Hpt_MineLauncher_Fixed_Medium,hardpoint,Mine Launcher,Fixed,,,2,I,
Hpt_AdvancedTorpPylon_Fixed_Small,hardpoint,Torpedo Pylon,Fixed,Seeker,,1,I,
Hpt_AdvancedTorpPylon_Fixed_Medium,hardpoint,Torpedo Pylon,Fixed,Seeker,,2,I,
Hpt_AdvancedTorpPylon_Fixed_Large,hardpoint,Torpedo Pylon,Fixed,Seeker,,3,I,ELITE_HORIZONS_V_PLANETARY_LANDINGS
Hpt_ChaffLauncher_Tiny,utility,Chaff Launcher,,,,0,I,
Hpt_ElectronicCountermeasure_Tiny,utility,Electronic Countermeasure,,,,0,F,
Hpt_HeatSinkLauncher_Turret_Tiny,utility,Heat Sink Launcher,,,,0,I,
Hpt_PlasmaPointDefence_Turret_Tiny,utility,Point Defence,,,,0,I,
Hpt_MiningLaser_Fixed_Small,hardpoint,Mining Laser,Fixed,,,1,D,
Hpt_MiningLaser_Fixed_Medium,hardpoint,Mining Laser,Fixed,,,2,D,
Int_DockingComputer_Standard,internal,Standard Docking Computer,,,,1,E,
Int_Powerplant_Size2_Class1,standard,Power Plant,,,,2,E,
Int_Powerplant_Size2_Class2,standard,Power Plant,,,,2,D,
Int_Powerplant_Size2_Class3,standard,Power Plant,,,,2,C,
Int_Powerplant_Size2_Class4,standard,Power Plant,,,,2,B,
Int_Powerplant_Size2_Class5,standard,Power Plant,,,,2,A,
Int_Powerplant_Size3_Class1,standard,Power Plant,,,,3,E,
Int_Powerplant_Size3_Class2,standard,Power Plant,,,,3,D,
Int_Powerplant_Size3_Class3,standard,Power Plant,,,,3,C,
Int_Powerplant_Size3_Class4,standard,Power Plant,,,,3,B,
Int_Powerplant_Size3_Class5,standard,Power Plant,,,,3,A,
Int_Powerplant_Size4_Class1,standard,Power Plant,,,,4,E,
Int_Powerplant_Size4_Class2,standard,Power Plant,,,,4,D,
Int_Powerplant_Size4_Class3,standard,Power Plant,,,,4,C,
Int_Powerplant_Size4_Class4,standard,Power Plant,,,,4,B,
Int_Powerplant_Size4_Class5,standard,Power Plant,,,,4,A,
Int_Powerplant_Size5_Class1,standard,Power Plant,,,,5,E,
Int_Powerplant_Size5_Class2,standard,Power Plant,,,,5,D,
Int_Powerplant_Size5_Class3,standard,Power Plant,,,,5,C,
Int_Powerplant_Size5_Class4,standard,Power Plant,,,,5,B,
Int_Powerplant_Size5_Class5,standard,Power Plant,,,,5,A,
Int_Powerplant_Size6_Class1,standard,Power Plant,,,,6,E,
Int_Powerplant_Size6_Class2,standard,Power Plant,,,,6,D,
Int_Powerplant_Size6_Class3,standard,Power Plant,,,,6,C,
Int_Powerplant_Size6_Class4,standard,Power Plant,,,,6,B,
Int_Powerplant_Size6_Class5,standard,Power Plant,,,,6,A,
Int_Powerplant_Size7_Class1,standard,Power Plant,,,,7,E,
Int_Powerplant_Size7_Class2,standard,Power Plant,,,,7,D,
Int_Powerplant_Size7_Class3,standard,Power Plant,,,,7,C,
Int_Powerplant_Size7_Class4,standard,Power Plant,,,,7,B,
Int_Powerplant_Size7_Class5,standard,Power Plant,,,,7,A,
Int_Powerplant_Size8_Class1,standard,Power Plant,,,,8,E,
Int_Powerplant_Size8_Class2,standard,Power Plant,,,,8,D,
Int_Powerplant_Size8_Class3,standard,Power Plant,,,,8,C,
Int_Powerplant_Size8_Class4,standard,Power Plant,,,,8,B,
Int_Powerplant_Size8_Class5,standard,Power Plant,,,,8,A,
Int_Engine_Size2_Class1,standard,Thrusters,,,,2,E,
Int_Engine_Size2_Class2,standard,Thrusters,,,,2,D,
Int_Engine_Size2_Class3,standard,Thrusters,,,,2,C,
Int_Engine_Size2_Class4,standard,Thrusters,,,,2,B,
Int_Engine_Size2_Class5,standard,Thrusters,,,,2,A,
Int_Engine_Size3_Class1,standard,Thrusters,,,,3,E,
Int_Engine_Size3_Class2,standard,Thrusters,,,,3,D,
Int_Engine_Size3_Class3,standard,Thrusters,,,,3,C,
Int_Engine_Size3_Class4,standard,Thrusters,,,,3,B,
Int_Engine_Size3_Class5,standard,Thrusters,,,,3,A,
Int_Engine_Size4_Class1,standard,Thrusters,,,,4,E,
Int_Engine_Size4_Class2,standard,Thrusters,,,,4,D,
Int_Engine_Size4_Class3,standard,Thrusters,,,,4,C,
Int_Engine_Size4_Class4,standard,Thrusters,,,,4,B,
Int_Engine_Size4_Class5,standard,Thrusters,,,,4,A,
Int_Engine_Size5_Class1,standard,Thrusters,,,,5,E,
Int_Engine_Size5_Class2,standard,Thrusters,,,,5,D,
Int_Engine_Size5_Class3,standard,Thrusters,,,,5,C,
Int_Engine_Size5_Class4,standard,Thrusters,,,,5,B,
Int_Engine_Size5_Class5,standard,Thrusters,,,,5,A,
Int_Engine_Size6_Class1,standard,Thrusters,,,,6,E,
Int_Engine_Size6_Class2,standard,Thrusters,,,,6,D,
Int_Engine_Size6_Class3,standard,Thrusters,,,,6,C,
Int_Engine_Size6_Class4,standard,Thrusters,,,,6,B,
Int_Engine_Size6_Class5,standard,Thrusters,,,,6,A,
Int_Engine_Size7_Class1,standard,Thrusters,,,,7,E,
Int_Engine_Size7_Class2,standard,Thrusters,,,,7,D,
Int_Engine_Size7_Class3,standard,Thrusters,,,,7,C,
Int_Engine_Size7_Class4,standard,Thrusters,,,,7,B,
Int_Engine_Size7_Class5,standard,Thrusters,,,,7,A,
Int_Engine_Size8_Class1,standard,Thrusters,,,,8,E,
Int_Engine_Size8_Class2,standard,Thrusters,,,,8,D,
Int_Engine_Size8_Class3,standard,Thrusters,,,,8,C,
Int_Engine_Size8_Class4,standard,Thrusters,,,,8,B,
Int_Engine_Size8_Class5,standard,Thrusters,,,,8,A,
Int_Hyperdrive_Size2_Class1,standard,Frame Shift Drive,,,,2,E,
Int_Hyperdrive_Size2_Class2,standard,Frame Shift Drive,,,,2,D,
Int_Hyperdrive_Size2_Class3,standard,Frame Shift Drive,,,,2,C,
Int_Hyperdrive_Size2_Class4,standard,Frame Shift Drive,,,,2,B,
Int_Hyperdrive_Size2_Class5,standard,Frame Shift Drive,,,,2,A,
Int_Hyperdrive_Size3_Class1,standard,Frame Shift Drive,,,,3,E,
Int_Hyperdrive_Size3_Class2,standard,Frame Shift Drive,,,,3,D,
Int_Hyperdrive_Size3_Class3,standard,Frame Shift Drive,,,,3,C,
Int_Hyperdrive_Size3_Class4,standard,Frame Shift Drive,,,,3,B,
Int_Hyperdrive_Size3_Class5,standard,Frame Shift Drive,,,,3,A,
Int_Hyperdrive_Size4_Class1,standard,Frame Shift Drive,,,,4,E,
Int_Hyperdrive_Size4_Class2,standard,Frame Shift Drive,,,,4,D,
Int_Hyperdrive_Size4_Class3,standard,Frame Shift Drive,,,,4,C,
Int_Hyperdrive_Size4_Class4,standard,Frame Shift Drive,,,,4,B,
Int_Hyperdrive_Size4_Class5,standard,Frame Shift Drive,,,,4,A,
Int_Hyperdrive_Size5_Class1,standard,Frame Shift Drive,,,,5,E,
Int_Hyperdrive_Size5_Class2,standard,Frame Shift Drive,,,,5,D,
Int_Hyperdrive_Size5_Class3,standard,Frame Shift Drive,,,,5,C,
Int_Hyperdrive_Size5_Class4,standard,Frame Shift Drive,,,,5,B,
Int_Hyperdrive_Size5_Class5,standard,Frame Shift Drive,,,,5,A,
Int_Hyperdrive_Size6_Class1,standard,Frame Shift Drive,,,,6,E,
Int_Hyperdrive_Size6_Class2,standard,Frame Shift Drive,,,,6,D,
Int_Hyperdrive_Size6_Class3,standard,Frame Shift Drive,,,,6,C,
Int_Hyperdrive_Size6_Class4,standard,Frame Shift Drive,,,,6,B,
Int_Hyperdrive_Size6_Class5,standard,Frame Shift Drive,,,,6,A,
Int_Hyperdrive_Size7_Class1,standard,Frame Shift Drive,,,,7,E,
Int_Hyperdrive_Size7_Class2,standard,Frame Shift Drive,,,,7,D,
Int_Hyperdrive_Size7_Class3,standard,Frame Shift Drive,,,,7,C,
Int_Hyperdrive_Size7_Class4,standard,Frame Shift Drive,,,,7,B,
Int_Hyperdrive_Size7_Class5,standard,Frame Shift Drive,,,,7,A,
Int_Hyperdrive_Size8_Class1,standard,Frame Shift Drive,,,,8,E,
Int_Hyperdrive_Size8_Class2,standard,Frame Shift Drive,,,,8,D,
Int_Hyperdrive_Size8_Class3,standard,Frame Shift Drive,,,,8,C,
Int_Hyperdrive_Size8_Class4,standard,Frame Shift Drive,,,,8,B,
Int_Hyperdrive_Size8_Class5,standard,Frame Shift Drive,,,,8,A,
Int_LifeSupport_Size1_Class1,standard,Life Support,,,,1,E,
Int_LifeSupport_Size1_Class2,standard,Life Support,,,,1,D,
Int_LifeSupport_Size1_Class3,standard,Life Support,,,,1,C,
Int_LifeSupport_Size1_Class4,standard,Life Support,,,,1,B,
Int_LifeSupport_Size1_Class5,standard,Life Support,,,,1,A,
Int_LifeSupport_Size2_Class1,standard,Life Support,,,,2,E,
Int_LifeSupport_Size2_Class2,standard,Life Support,,,,2,D,
Int_LifeSupport_Size2_Class3,standard,Life Support,,,,2,C,
Int_LifeSupport_Size2_Class4,standard,Life Support,,,,2,B,
Int_LifeSupport_Size2_Class5,standard,Life Support,,,,2,A,
Int_LifeSupport_Size3_Class1,standard,Life Support,,,,3,E,
Int_LifeSupport_Size3_Class2,standard,Life Support,,,,3,D,
Int_LifeSupport_Size3_Class3,standard,Life Support,,,,3,C,
Int_LifeSupport_Size3_Class4,standard,Life Support,,,,3,B,
Int_LifeSupport_Size3_Class5,standard,Life Support,,,,3,A,
Int_LifeSupport_Size4_Class1,standard,Life Support,,,,4,E,
Int_LifeSupport_Size4_Class2,standard,Life Support,,,,4,D,
Int_LifeSupport_Size4_Class3,standard,Life Support,,,,4,C,
Int_LifeSupport_Size4_Class4,standard,Life Support,,,,4,B,
Int_LifeSupport_Size4_Class5,standard,Life Support,,,,4,A,
Int_LifeSupport_Size5_Class1,standard,Life Support,,,,5,E,
Int_LifeSupport_Size5_Class2,standard,Life Support,,,,5,D,
Int_LifeSupport_Size5_Class3,standard,Life Support,,,,5,C,
Int_LifeSupport_Size5_Class4,standard,Life Support,,,,5,B,
Int_LifeSupport_Size5_Class5,standard,Life Support,,,,5,A,
Int_LifeSupport_Size6_Class1,standard,Life Support,,,,6,E,
Int_LifeSupport_Size6_Class2,standard,Life Support,,,,6,D,
Int_LifeSupport_Size6_Class3,standard,Life Support,,,,6,C,
Int_LifeSupport_Size6_Class4,standard,Life Support,,,,6,B,
Int_LifeSupport_Size6_Class5,standard,Life Support,,,,6,A,
Int_LifeSupport_Size7_Class1,standard,Life Support,,,,7,E,
Int_LifeSupport_Size7_Class2,standard,Life Support,,,,7,D,
Int_LifeSupport_Size7_Class3,standard,Life Support,,,,7,C,
Int_LifeSupport_Size7_Class4,standard,Life Support,,,,7,B,
Int_LifeSupport_Size7_Class5,standard,Life Support,,,,7,A,
Int_LifeSupport_Size8_Class1,standard,Life Support,,,,8,E,
Int_LifeSupport_Size8_Class2,standard,Life Support,,,,8,D,
Int_LifeSupport_Size8_Class3,standard,Life Support,,,,8,C,
Int_LifeSupport_Size8_Class4,standard,Life Support,,,,8,B,
Int_LifeSupport_Size8_Class5,standard,Life Support,,,,8,A,
Int_PowerDistributor_Size1_Class1,standard,Power Distributor,,,,1,E,
Int_PowerDistributor_Size1_Class2,standard,Power Distributor,,,,1,D,
Int_PowerDistributor_Size1_Class3,standard,Power Distributor,,,,1,C,
Int_PowerDistributor_Size1_Class4,standard,Power Distributor,,,,1,B,
Int_PowerDistributor_Size1_Class5,standard,Power Distributor,,,,1,A,
Int_PowerDistributor_Size2_Class1,standard,Power Distributor,,,,2,E,
Int_PowerDistributor_Size2_Class2,standard,Power Distributor,,,,2,D,
Int_PowerDistributor_Size2_Class3,standard,Power Distributor,,,,2,C,
Int_PowerDistributor_Size2_Class4,standard,Power Distributor,,,,2,B,
Int_PowerDistributor_Size2_Class5,standard,Power Distributor,,,,2,A,
Int_PowerDistributor_Size3_Class1,standard,Power Distributor,,,,3,E,
Int_PowerDistributor_Size3_Class2,standard,Power Distributor,,,,3,D,
Int_PowerDistributor_Size3_Class3,standard,Power Distributor,,,,3,C,
Int_PowerDistributor_Size3_Class4,standard,Power Distributor,,,,3,B,
Int_PowerDistributor_Size3_Class5,standard,Power Distributor,,,,3,A,
Int_PowerDistributor_Size4_Class1,standard,Power Distributor,,,,4,E,
Int_PowerDistributor_Size4_Class2,standard,Power Distributor,,,,4,D,
Int_PowerDistributor_Size4_Class3,standard,Power Distributor,,,,4,C,
Int_PowerDistributor_Size4_Class4,standard,Power Distributor,,,,4,B,
Int_PowerDistributor_Size4_Class5,standard,Power Distributor,,,,4,A,
Int_PowerDistributor_Size5_Class1,standard,Power Distributor,,,,5,E,
Int_PowerDistributor_Size5_Class2,standard,Power Distributor,,,,5,D,
Int_PowerDistributor_Size5_Class3,standard,Power Distributor,,,,5,C,
Int_PowerDistributor_Size5_Class4,standard,Power Distributor,,,,5,B,
Int_PowerDistributor_Size5_Class5,standard,Power Distributor,,,,5,A,
Int_PowerDistributor_Size6_Class1,standard,Power Distributor,,,,6,E,
Int_PowerDistributor_Size6_Class2,standard,Power Distributor,,,,6,D,
Int_PowerDistributor_Size6_Class3,standard,Power Distributor,,,,6,C,
Int_PowerDistributor_Size6_Class4,standard,Power Distributor,,,,6,B,
Int_PowerDistributor_Size6_Class5,standard,Power Distributor,,,,6,A,
Int_PowerDistributor_Size7_Class1,standard,Power Distributor,,,,7,E,
Int_PowerDistributor_Size7_Class2,standard,Power Distributor,,,,7,D,
Int_PowerDistributor_Size7_Class3,standard,Power Distributor,,,,7,C,
Int_PowerDistributor_Size7_Class4,standard,Power Distributor,,,,7,B,
Int_PowerDistributor_Size7_Class5,standard,Power Distributor,,,,7,A,
Int_PowerDistributor_Size8_Class1,standard,Power Distributor,,,,8,E,
Int_PowerDistributor_Size8_Class2,standard,Power Distributor,,,,8,D,
Int_PowerDistributor_Size8_Class3,standard,Power Distributor,,,,8,C,
Int_PowerDistributor_Size8_Class4,standard,Power Distributor,,,,8,B,
Int_PowerDistributor_Size8_Class5,standard,Power Distributor,,,,8,A,
Int_Sensors_Size1_Class1,standard,Sensors,,,,1,E,
Int_Sensors_Size1_Class2,standard,Sensors,,,,1,D,
Int_Sensors_Size1_Class3,standard,Sensors,,,,1,C,
Int_Sensors_Size1_Class4,standard,Sensors,,,,1,B,
Int_Sensors_Size1_Class5,standard,Sensors,,,,1,A,
Int_Sensors_Size2_Class1,standard,Sensors,,,,2,E,
Int_Sensors_Size2_Class2,standard,Sensors,,,,2,D,
Int_Sensors_Size2_Class3,standard,Sensors,,,,2,C,
Int_Sensors_Size2_Class4,standard,Sensors,,,,2,B,
Int_Sensors_Size2_Class5,standard,Sensors,,,,2,A,
Int_Sensors_Size3_Class1,standard,Sensors,,,,3,E,
Int_Sensors_Size3_Class2,standard,Sensors,,,,3,D,
Int_Sensors_Size3_Class3,standard,Sensors,,,,3,C,
Int_Sensors_Size3_Class4,standard,Sensors,,,,3,B,
Int_Sensors_Size3_Class5,standard,Sensors,,,,3,A,
Int_Sensors_Size4_Class1,standard,Sensors,,,,4,E,
Int_Sensors_Size4_Class2,standard,Sensors,,,,4,D,
Int_Sensors_Size4_Class3,standard,Sensors,,,,4,C,
Int_Sensors_Size4_Class4,standard,Sensors,,,,4,B,
Int_Sensors_Size4_Class5,standard,Sensors,,,,4,A,
Int_Sensors_Size5_Class1,standard,Sensors,,,,5,E,
Int_Sensors_Size5_Class2,standard,Sensors,,,,5,D,
Int_Sensors_Size5_Class3,standard,Sensors,,,,5,C,
Int_Sensors_Size5_Class4,standard,Sensors,,,,5,B,
Int_Sensors_Size5_Class5,standard,Sensors,,,,5,A,
Int_Sensors_Size6_Class1,standard,Sensors,,,,6,E,
Int_Sensors_Size6_Class2,standard,Sensors,,,,6,D,
Int_Sensors_Size6_Class3,standard,Sensors,,,,6,C,
Int_Sensors_Size6_Class4,standard,Sensors,,,,6,B,
Int_Sensors_Size6_Class5,standard,Sensors,,,,6,A,
Int_Sensors_Size7_Class1,standard,Sensors,,,,7,E,
Int_Sensors_Size7_Class2,standard,Sensors,,,,7,D,
Int_Sensors_Size7_Class3,standard,Sensors,,,,7,C,
Int_Sensors_Size7_Class4,standard,Sensors,,,,7,B,
Int_Sensors_Size7_Class5,standard,Sensors,,,,7,A,
Int_Sensors_Size8_Class1,standard,Sensors,,,,8,E,
Int_Sensors_Size8_Class2,standard,Sensors,,,,8,D,
Int_Sensors_Size8_Class3,standard,Sensors,,,,8,C,
Int_Sensors_Size8_Class4,standard,Sensors,,,,8,B,
Int_Sensors_Size8_Class5,standard,Sensors,,,,8,A,
Int_ShieldGenerator_Size1_Class1,internal,Shield Generator,,,,1,E,
Int_ShieldGenerator_Size1_Class2,internal,Shield Generator,,,,1,D,
Int_ShieldGenerator_Size1_Class3,internal,Shield Generator,,,,1,C,
Int_ShieldGenerator_Size1_Class5,internal,Shield Generator,,,,1,A,
Int_ShieldGenerator_Size2_Class1,internal,Shield Generator,,,,2,E,
Int_ShieldGenerator_Size2_Class2,internal,Shield Generator,,,,2,D,
Int_ShieldGenerator_Size2_Class3,internal,Shield Generator,,,,2,C,
Int_ShieldGenerator_Size2_Class4,internal,Shield Generator,,,,2,B,
Int_ShieldGenerator_Size2_Class5,internal,Shield Generator,,,,2,A,
Int_ShieldGenerator_Size3_Class1,internal,Shield Generator,,,,3,E,
Int_ShieldGenerator_Size3_Class2,internal,Shield Generator,,,,3,D,
Int_ShieldGenerator_Size3_Class3,internal,Shield Generator,,,,3,C,
Int_ShieldGenerator_Size3_Class4,internal,Shield Generator,,,,3,B,
Int_ShieldGenerator_Size3_Class5,internal,Shield Generator,,,,3,A,
Int_ShieldGenerator_Size4_Class1,internal,Shield Generator,,,,4,E,
Int_ShieldGenerator_Size4_Class2,internal,Shield Generator,,,,4,D,
Int_ShieldGenerator_Size4_Class3,internal,Shield Generator,,,,4,C,
Int_ShieldGenerator_Size4_Class4,internal,Shield Generator,,,,4,B,
Int_ShieldGenerator_Size4_Class5,internal,Shield Generator,,,,4,A,
Int_ShieldGenerator_Size5_Class1,internal,Shield Generator,,,,5,E,
Int_ShieldGenerator_Size5_Class2,internal,Shield Generator,,,,5,D,
Int_ShieldGenerator_Size5_Class3,internal,Shield Generator,,,,5,C,
Int_ShieldGenerator_Size5_Class4,internal,Shield Generator,,,,5,B,
Int_ShieldGenerator_Size5_Class5,internal,Shield Generator,,,,5,A,
Int_ShieldGenerator_Size6_Class1,internal,Shield Generator,,,,6,E,
Int_ShieldGenerator_Size6_Class2,internal,Shield Generator,,,,6,D,
Int_ShieldGenerator_Size6_Class3,internal,Shield Generator,,,,6,C,
Int_ShieldGenerator_Size6_Class4,internal,Shield Generator,,,,6,B,
Int_ShieldGenerator_Size6_Class5,internal,Shield Generator,,,,6,A,
Int_ShieldGenerator_Size7_Class1,internal,Shield Generator,,,,7,E,
Int_ShieldGenerator_Size7_Class2,internal,Shield Generator,,,,7,D,
Int_ShieldGenerator_Size7_Class3,internal,Shield Generator,,,,7,C,
Int_ShieldGenerator_Size7_Class4,internal,Shield Generator,,,,7,B,
Int_ShieldGenerator_Size7_Class5,internal,Shield Generator,,,,7,A,
Int_ShieldGenerator_Size8_Class1,internal,Shield Generator,,,,8,E,
Int_ShieldGenerator_Size8_Class2,internal,Shield Generator,,,,8,D,
Int_ShieldGenerator_Size8_Class3,internal,Shield Generator,,,,8,C,
Int_ShieldGenerator_Size8_Class4,internal,Shield Generator,,,,8,B,
Int_ShieldGenerator_Size8_Class5,internal,Shield Generator,,,,8,A,
Int_ShieldCellBank_Size1_Class1,internal,Shield Cell Bank,,,,1,E,
Int_ShieldCellBank_Size1_Class2,internal,Shield Cell Bank,,,,1,D,
Int_ShieldCellBank_Size1_Class3,internal,Shield Cell Bank,,,,1,C,
Int_ShieldCellBank_Size1_Class4,internal,Shield Cell Bank,,,,1,B,
Int_ShieldCellBank_Size1_Class5,internal,Shield Cell Bank,,,,1,A,
Int_ShieldCellBank_Size2_Class1,internal,Shield Cell Bank,,,,2,E,
Int_ShieldCellBank_Size2_Class2,internal,Shield Cell Bank,,,,2,D,
Int_ShieldCellBank_Size2_Class3,internal,Shield Cell Bank,,,,2,C,
Int_ShieldCellBank_Size2_Class4,internal,Shield Cell Bank,,,,2,B,
Int_ShieldCellBank_Size2_Class5,internal,Shield Cell Bank,,,,2,A,
Int_ShieldCellBank_Size3_Class1,internal,Shield Cell Bank,,,,3,E,
Int_ShieldCellBank_Size3_Class2,internal,Shield Cell Bank,,,,3,D,
Int_ShieldCellBank_Size3_Class3,internal,Shield Cell Bank,,,,3,C,
Int_ShieldCellBank_Size3_Class4,internal,Shield Cell Bank,,,,3,B,
Int_ShieldCellBank_Size3_Class5,internal,Shield Cell Bank,,,,3,A,
Int_ShieldCellBank_Size4_Class1,internal,Shield Cell Bank,,,,4,E,
Int_ShieldCellBank_Size4_Class2,internal,Shield Cell Bank,,,,4,D,
Int_ShieldCellBank_Size4_Class3,internal,Shield Cell Bank,,,,4,C,
Int_ShieldCellBank_Size4_Class4,internal,Shield Cell Bank,,,,4,B,
Int_ShieldCellBank_Size4_Class5,internal,Shield Cell Bank,,,,4,A,
Int_ShieldCellBank_Size5_Class1,internal,Shield Cell Bank,,,,5,E,
Int_ShieldCellBank_Size5_Class2,internal,Shield Cell Bank,,,,5,D,
Int_ShieldCellBank_Size5_Class3,internal,Shield Cell Bank,,,,5,C,
Int_ShieldCellBank_Size5_Class4,internal,Shield Cell Bank,,,,5,B,
Int_ShieldCellBank_Size5_Class5,internal,Shield Cell Bank,,,,5,A,
Int_ShieldCellBank_Size6_Class1,internal,Shield Cell Bank,,,,6,E,
Int_ShieldCellBank_Size6_Class2,internal,Shield Cell Bank,,,,6,D,
Int_ShieldCellBank_Size6_Class3,internal,Shield Cell Bank,,,,6,C,
Int_ShieldCellBank_Size6_Class4,internal,Shield Cell Bank,,,,6,B,
Int_ShieldCellBank_Size6_Class5,internal,Shield Cell Bank,,,,6,A,
Int_ShieldCellBank_Size7_Class1,internal,Shield Cell Bank,,,,7,E,
Int_ShieldCellBank_Size7_Class2,internal,Shield Cell Bank,,,,7,D,
Int_ShieldCellBank_Size7_Class3,internal,Shield Cell Bank,,,,7,C,
Int_ShieldCellBank_Size7_Class4,internal,Shield Cell Bank,,,,7,B,
Int_ShieldCellBank_Size7_Class5,internal,Shield Cell Bank,,,,7,A,
Int_ShieldCellBank_Size8_Class1,internal,Shield Cell Bank,,,,8,E,
Int_ShieldCellBank_Size8_Class2,internal,Shield Cell Bank,,,,8,D,
Int_ShieldCellBank_Size8_Class3,internal,Shield Cell Bank,,,,8,C,
Int_ShieldCellBank_Size8_Class4,internal,Shield Cell Bank,,,,8,B,
Int_ShieldCellBank_Size8_Class5,internal,Shield Cell Bank,,,,8,A,
Int_CargoRack_Size1_Class1,internal,Cargo Rack,,,,1,E,
Int_CargoRack_Size2_Class1,internal,Cargo Rack,,,,2,E,
Int_CargoRack_Size3_Class1,internal,Cargo Rack,,,,3,E,
Int_CargoRack_Size4_Class1,internal,Cargo Rack,,,,4,E,
Int_CargoRack_Size5_Class1,internal,Cargo Rack,,,,5,E,
Int_CargoRack_Size6_Class1,internal,Cargo Rack,,,,6,E,
Int_CargoRack_Size7_Class1,internal,Cargo Rack,,,,7,E,
Int_CargoRack_Size8_Class1,internal,Cargo Rack,,,,8,E,
Int_FuelTank_Size1_Class3,standard,Fuel Tank,,,,1,C,
Int_FuelTank_Size2_Class3,standard,Fuel Tank,,,,2,C,
Int_FuelTank_Size3_Class3,standard,Fuel Tank,,,,3,C,
Int_FuelTank_Size4_Class3,standard,Fuel Tank,,,,4,C,
Int_FuelTank_Size5_Class3,standard,Fuel Tank,,,,5,C,
Int_FuelTank_Size6_Class3,standard,Fuel Tank,,,,6,C,
Int_FuelTank_Size7_Class3,standard,Fuel Tank,,,,7,C,
Int_FuelTank_Size8_Class3,standard,Fuel Tank,,,,8,C,
Int_DroneControl_ResourceSiphon,internal,Hatch Breaker Limpet Controller,,,,1,I,
Int_DroneControl_ResourceSiphon_Size1_Class1,internal,Hatch Breaker Limpet Controller,,,,1,E,
Int_DroneControl_ResourceSiphon_Size1_Class2,internal,Hatch Breaker Limpet Controller,,,,1,D,
Int_DroneControl_ResourceSiphon_Size1_Class3,internal,Hatch Breaker Limpet Controller,,,,1,C,
Int_DroneControl_ResourceSiphon_Size1_Class4,internal,Hatch Breaker Limpet Controller,,,,1,B,
Int_DroneControl_ResourceSiphon_Size1_Class5,internal,Hatch Breaker Limpet Controller,,,,1,A,
Int_DroneControl_ResourceSiphon_Size3_Class1,internal,Hatch Breaker Limpet Controller,,,,3,E,
Int_DroneControl_ResourceSiphon_Size3_Class2,internal,Hatch Breaker Limpet Controller,,,,3,D,
Int_DroneControl_ResourceSiphon_Size3_Class3,internal,Hatch Breaker Limpet Controller,,,,3,C,
Int_DroneControl_ResourceSiphon_Size3_Class4,internal,Hatch Breaker Limpet Controller,,,,3,B,
Int_DroneControl_ResourceSiphon_Size3_Class5,internal,Hatch Breaker Limpet Controller,,,,3,A,
Int_DroneControl_ResourceSiphon_Size5_Class1,internal,Hatch Breaker Limpet Controller,,,,5,E,
Int_DroneControl_ResourceSiphon_Size5_Class2,internal,Hatch Breaker Limpet Controller,,,,5,D,
Int_DroneControl_ResourceSiphon_Size5_Class3,internal,Hatch Breaker Limpet Controller,,,,5,C,
Int_DroneControl_ResourceSiphon_Size5_Class4,internal,Hatch Breaker Limpet Controller,,,,5,B,
Int_DroneControl_ResourceSiphon_Size5_Class5,internal,Hatch Breaker Limpet Controller,,,,5,A,
Int_DroneControl_ResourceSiphon_Size7_Class1,internal,Hatch Breaker Limpet Controller,,,,7,E,
Int_DroneControl_ResourceSiphon_Size7_Class2,internal,Hatch Breaker Limpet Controller,,,,7,D,
Int_DroneControl_ResourceSiphon_Size7_Class3,internal,Hatch Breaker Limpet Controller,,,,7,C,
Int_DroneControl_ResourceSiphon_Size7_Class4,internal,Hatch Breaker Limpet Controller,,,,7,B,
Int_DroneControl_ResourceSiphon_Size7_Class5,internal,Hatch Breaker Limpet Controller,,,,7,A,
Hpt_CargoScanner_Size0_Class1,utility,Cargo Scanner,,,,0,E,
Hpt_CargoScanner_Size0_Class2,utility,Cargo Scanner,,,,0,D,
Hpt_CargoScanner_Size0_Class3,utility,Cargo Scanner,,,,0,C,
Hpt_CargoScanner_Size0_Class4,utility,Cargo Scanner,,,,0,B,
Hpt_CargoScanner_Size0_Class5,utility,Cargo Scanner,,,,0,A,
Hpt_CloudScanner_Size0_Class1,utility,Frame Shift Wake Scanner,,,,0,E,
Hpt_CloudScanner_Size0_Class2,utility,Frame Shift Wake Scanner,,,,0,D,
Hpt_CloudScanner_Size0_Class3,utility,Frame Shift Wake Scanner,,,,0,C,
Hpt_CloudScanner_Size0_Class4,utility,Frame Shift Wake Scanner,,,,0,B,
Hpt_CloudScanner_Size0_Class5,utility,Frame Shift Wake Scanner,,,,0,A,
Hpt_CrimeScanner_Size0_Class1,utility,Kill Warrant Scanner,,,,0,E,
Hpt_CrimeScanner_Size0_Class2,utility,Kill Warrant Scanner,,,,0,D,
Hpt_CrimeScanner_Size0_Class3,utility,Kill Warrant Scanner,,,,0,C,
Hpt_CrimeScanner_Size0_Class4,utility,Kill Warrant Scanner,,,,0,B,
Hpt_CrimeScanner_Size0_Class5,utility,Kill Warrant Scanner,,,,0,A,
Int_StellarBodyDiscoveryScanner_Standard,internal,Basic Discovery Scanner,,,,1,E,removed
Int_StellarBodyDiscoveryScanner_Intermediate,internal,Intermediate Discovery Scanner,,,,1,D,removed
Int_StellarBodyDiscoveryScanner_Advanced,internal,Advanced Discovery Scanner,,,,1,C,removed
Int_DetailedSurfaceScanner_Tiny,internal,Detailed Surface Scanner,,,,1,I,
Int_PowerPlant_Size2_Class1_free,standard,Power Plant,,,,2,E,
Int_Engine_Size2_Class1_free,standard,Thrusters,,,,2,E,
Int_Hyperdrive_Size2_Class1_free,standard,Frame Shift Drive,,,,2,E,
Int_LifeSupport_Size1_Class1_free,standard,Life Support,,,,1,E,
Int_PowerDistributor_Size1_Class1_free,standard,Power Distributor,,,,1,E,
Int_Sensors_Size1_Class1_free,standard,Sensors,,,,1,E,
Int_ShieldGenerator_Size2_Class1_free,internal,Shield Generator,,,,2,E,
Int_StellarBodyDiscoveryScanner_Standard_free,internal,Basic Discovery Scanner,,,,1,E,
Int_CargoRack_Size2_Class1_free,internal,Cargo Rack,,,,2,E,
Int_FuelScoop_Size1_Class1,internal,Fuel Scoop,,,,1,E,
Int_FuelScoop_Size2_Class1,internal,Fuel Scoop,,,,2,E,
Int_FuelScoop_Size3_Class1,internal,Fuel Scoop,,,,3,E,
Int_FuelScoop_Size4_Class1,internal,Fuel Scoop,,,,4,E,
Int_FuelScoop_Size5_Class1,internal,Fuel Scoop,,,,5,E,
Int_FuelScoop_Size6_Class1,internal,Fuel Scoop,,,,6,E,
Int_FuelScoop_Size7_Class1,internal,Fuel Scoop,,,,7,E,
Int_FuelScoop_Size8_Class1,internal,Fuel Scoop,,,,8,E,
Int_FuelScoop_Size1_Class2,internal,Fuel Scoop,,,,1,D,
Int_FuelScoop_Size2_Class2,internal,Fuel Scoop,,,,2,D,
Int_FuelScoop_Size3_Class2,internal,Fuel Scoop,,,,3,D,
Int_FuelScoop_Size4_Class2,internal,Fuel Scoop,,,,4,D,
Int_FuelScoop_Size5_Class2,internal,Fuel Scoop,,,,5,D,
Int_FuelScoop_Size6_Class2,internal,Fuel Scoop,,,,6,D,
Int_FuelScoop_Size7_Class2,internal,Fuel Scoop,,,,7,D,
Int_FuelScoop_Size8_Class2,internal,Fuel Scoop,,,,8,D,
Int_FuelScoop_Size1_Class3,internal,Fuel Scoop,,,,1,C,
Int_FuelScoop_Size2_Class3,internal,Fuel Scoop,,,,2,C,
Int_FuelScoop_Size3_Class3,internal,Fuel Scoop,,,,3,C,
Int_FuelScoop_Size4_Class3,internal,Fuel Scoop,,,,4,C,
Int_FuelScoop_Size5_Class3,internal,Fuel Scoop,,,,5,C,
Int_FuelScoop_Size6_Class3,internal,Fuel Scoop,,,,6,C,
Int_FuelScoop_Size7_Class3,internal,Fuel Scoop,,,,7,C,
Int_FuelScoop_Size8_Class3,internal,Fuel Scoop,,,,8,C,
Int_FuelScoop_Size1_Class4,internal,Fuel Scoop,,,,1,B,
Int_FuelScoop_Size2_Class4,internal,Fuel Scoop,,,,2,B,
Int_FuelScoop_Size3_Class4,internal,Fuel Scoop,,,,3,B,
Int_FuelScoop_Size4_Class4,internal,Fuel Scoop,,,,4,B,
Int_FuelScoop_Size5_Class4,internal,Fuel Scoop,,,,5,B,
Int_FuelScoop_Size6_Class4,internal,Fuel Scoop,,,,6,B,
Int_FuelScoop_Size7_Class4,internal,Fuel Scoop,,,,7,B,
Int_FuelScoop_Size8_Class4,internal,Fuel Scoop,,,,8,B,
Int_FuelScoop_Size1_Class5,internal,Fuel Scoop,,,,1,A,
Int_FuelScoop_Size2_Class5,internal,Fuel Scoop,,,,2,A,
Int_FuelScoop_Size3_Class5,internal,Fuel Scoop,,,,3,A,
Int_FuelScoop_Size4_Class5,internal,Fuel Scoop,,,,4,A,
Int_FuelScoop_Size5_Class5,internal,Fuel Scoop,,,,5,A,
Int_FuelScoop_Size6_Class5,internal,Fuel Scoop,,,,6,A,
Int_FuelScoop_Size7_Class5,internal,Fuel Scoop,,,,7,A,
Int_FuelScoop_Size8_Class5,internal,Fuel Scoop,,,,8,A,
Int_Refinery_Size1_Class1,internal,Refinery,,,,1,E,
Int_Refinery_Size2_Class1,internal,Refinery,,,,2,E,
Int_Refinery_Size3_Class1,internal,Refinery,,,,3,E,
Int_Refinery_Size4_Class1,internal,Refinery,,,,4,E,
Int_Refinery_Size1_Class2,internal,Refinery,,,,1,D,
Int_Refinery_Size2_Class2,internal,Refinery,,,,2,D,
Int_Refinery_Size3_Class2,internal,Refinery,,,,3,D,
Int_Refinery_Size4_Class2,internal,Refinery,,,,4,D,
Int_Refinery_Size1_Class3,internal,Refinery,,,,1,C,
Int_Refinery_Size2_Class3,internal,Refinery,,,,2,C,
Int_Refinery_Size3_Class3,internal,Refinery,,,,3,C,
Int_Refinery_Size4_Class3,internal,Refinery,,,,4,C,
Int_Refinery_Size1_Class4,internal,Refinery,,,,1,B,
Int_Refinery_Size2_Class4,internal,Refinery,,,,2,B,
Int_Refinery_Size3_Class4,internal,Refinery,,,,3,B,
Int_Refinery_Size4_Class4,internal,Refinery,,,,4,B,
Int_Refinery_Size1_Class5,internal,Refinery,,,,1,A,
Int_Refinery_Size2_Class5,internal,Refinery,,,,2,A,
Int_Refinery_Size3_Class5,internal,Refinery,,,,3,A,
Int_Refinery_Size4_Class5,internal,Refinery,,,,4,A,
Int_FSDInterdictor_Size1_Class1,internal,Frame Shift Drive Interdictor,,,,1,E,
Int_FSDInterdictor_Size2_Class1,internal,Frame Shift Drive Interdictor,,,,2,E,
Int_FSDInterdictor_Size3_Class1,internal,Frame Shift Drive Interdictor,,,,3,E,
Int_FSDInterdictor_Size4_Class1,internal,Frame Shift Drive Interdictor,,,,4,E,
Int_FSDInterdictor_Size1_Class2,internal,Frame Shift Drive Interdictor,,,,1,D,
Int_FSDInterdictor_Size2_Class2,internal,Frame Shift Drive Interdictor,,,,2,D,
Int_FSDInterdictor_Size3_Class2,internal,Frame Shift Drive Interdictor,,,,3,D,
Int_FSDInterdictor_Size4_Class2,internal,Frame Shift Drive Interdictor,,,,4,D,
Int_FSDInterdictor_Size1_Class3,internal,Frame Shift Drive Interdictor,,,,1,C,
Int_FSDInterdictor_Size2_Class3,internal,Frame Shift Drive Interdictor,,,,2,C,
Int_FSDInterdictor_Size3_Class3,internal,Frame Shift Drive Interdictor,,,,3,C,
Int_FSDInterdictor_Size4_Class3,internal,Frame Shift Drive Interdictor,,,,4,C,
Int_FSDInterdictor_Size1_Class4,internal,Frame Shift Drive Interdictor,,,,1,B,
Int_FSDInterdictor_Size2_Class4,internal,Frame Shift Drive Interdictor,,,,2,B,
Int_FSDInterdictor_Size3_Class4,internal,Frame Shift Drive Interdictor,,,,3,B,
Int_FSDInterdictor_Size4_Class4,internal,Frame Shift Drive Interdictor,,,,4,B,
Int_FSDInterdictor_Size1_Class5,internal,Frame Shift Drive Interdictor,,,,1,A,
Int_FSDInterdictor_Size2_Class5,internal,Frame Shift Drive Interdictor,,,,2,A,
Int_FSDInterdictor_Size3_Class5,internal,Frame Shift Drive Interdictor,,,,3,A,
Int_FSDInterdictor_Size4_Class5,internal,Frame Shift Drive Interdictor,,,,4,A,
Hpt_DumbfireMissileRack_Fixed_Small,hardpoint,Missile Rack,Fixed,Dumbfire,,1,B,
Hpt_DumbfireMissileRack_Fixed_Medium,hardpoint,Missile Rack,Fixed,Dumbfire,,2,B,
Int_FuelTank_Size1_Class3_free,standard,Fuel Tank,,,,1,C,
Int_Repairer_Size1_Class1,internal,Auto Field-Maintenance Unit,,,,1,E,
Int_Repairer_Size2_Class1,internal,Auto Field-Maintenance Unit,,,,2,E,
Int_Repairer_Size3_Class1,internal,Auto Field-Maintenance Unit,,,,3,E,
Int_Repairer_Size4_Class1,internal,Auto Field-Maintenance Unit,,,,4,E,
Int_Repairer_Size5_Class1,internal,Auto Field-Maintenance Unit,,,,5,E,
Int_Repairer_Size6_Class1,internal,Auto Field-Maintenance Unit,,,,6,E,
Int_Repairer_Size7_Class1,internal,Auto Field-Maintenance Unit,,,,7,E,
Int_Repairer_Size8_Class1,internal,Auto Field-Maintenance Unit,,,,8,E,
Int_Repairer_Size1_Class2,internal,Auto Field-Maintenance Unit,,,,1,D,
Int_Repairer_Size2_Class2,internal,Auto Field-Maintenance Unit,,,,2,D,
Int_Repairer_Size3_Class2,internal,Auto Field-Maintenance Unit,,,,3,D,
Int_Repairer_Size4_Class2,internal,Auto Field-Maintenance Unit,,,,4,D,
Int_Repairer_Size5_Class2,internal,Auto Field-Maintenance Unit,,,,5,D,
Int_Repairer_Size6_Class2,internal,Auto Field-Maintenance Unit,,,,6,D,
Int_Repairer_Size7_Class2,internal,Auto Field-Maintenance Unit,,,,7,D,
Int_Repairer_Size8_Class2,internal,Auto Field-Maintenance Unit,,,,8,D,
Int_Repairer_Size1_Class3,internal,Auto Field-Maintenance Unit,,,,1,C,
Int_Repairer_Size2_Class3,internal,Auto Field-Maintenance Unit,,,,2,C,
Int_Repairer_Size3_Class3,internal,Auto Field-Maintenance Unit,,,,3,C,
Int_Repairer_Size4_Class3,internal,Auto Field-Maintenance Unit,,,,4,C,
Int_Repairer_Size5_Class3,internal,Auto Field-Maintenance Unit,,,,5,C,
Int_Repairer_Size6_Class3,internal,Auto Field-Maintenance Unit,,,,6,C,
Int_Repairer_Size7_Class3,internal,Auto Field-Maintenance Unit,,,,7,C,
Int_Repairer_Size8_Class3,internal,Auto Field-Maintenance Unit,,,,8,C,
Int_Repairer_Size1_Class4,internal,Auto Field-Maintenance Unit,,,,1,B,
Int_Repairer_Size2_Class4,internal,Auto Field-Maintenance Unit,,,,2,B,
Int_Repairer_Size3_Class4,internal,Auto Field-Maintenance Unit,,,,3,B,
Int_Repairer_Size4_Class4,internal,Auto Field-Maintenance Unit,,,,4,B,
Int_Repairer_Size5_Class4,internal,Auto Field-Maintenance Unit,,,,5,B,
Int_Repairer_Size6_Class4,internal,Auto Field-Maintenance Unit,,,,6,B,
Int_Repairer_Size7_Class4,internal,Auto Field-Maintenance Unit,,,,7,B,
Int_Repairer_Size8_Class4,internal,Auto Field-Maintenance Unit,,,,8,B,
Int_Repairer_Size1_Class5,internal,Auto Field-Maintenance Unit,,,,1,A,
Int_Repairer_Size2_Class5,internal,Auto Field-Maintenance Unit,,,,2,A,
Int_Repairer_Size3_Class5,internal,Auto Field-Maintenance Unit,,,,3,A,
Int_Repairer_Size4_Class5,internal,Auto Field-Maintenance Unit,,,,4,A,
Int_Repairer_Size5_Class5,internal,Auto Field-Maintenance Unit,,,,5,A,
Int_Repairer_Size6_Class5,internal,Auto Field-Maintenance Unit,,,,6,A,
Int_Repairer_Size7_Class5,internal,Auto Field-Maintenance Unit,,,,7,A,
Int_Repairer_Size8_Class5,internal,Auto Field-Maintenance Unit,,,,8,A,
Hpt_ShieldBooster_Size0_Class1,utility,Shield Booster,,,,0,E,
Hpt_ShieldBooster_Size0_Class2,utility,Shield Booster,,,,0,D,
Hpt_ShieldBooster_Size0_Class3,utility,Shield Booster,,,,0,C,
Hpt_ShieldBooster_Size0_Class4,utility,Shield Booster,,,,0,B,
Hpt_ShieldBooster_Size0_Class5,utility,Shield Booster,,,,0,A,
Int_HullReinforcement_Size1_Class1,internal,Hull Reinforcement Package,,,,1,E,
Int_HullReinforcement_Size1_Class2,internal,Hull Reinforcement Package,,,,1,D,
Int_HullReinforcement_Size2_Class1,internal,Hull Reinforcement Package,,,,2,E,
Int_HullReinforcement_Size2_Class2,internal,Hull Reinforcement Package,,,,2,D,
Int_HullReinforcement_Size3_Class1,internal,Hull Reinforcement Package,,,,3,E,
Int_HullReinforcement_Size3_Class2,internal,Hull Reinforcement Package,,,,3,D,
Int_HullReinforcement_Size4_Class1,internal,Hull Reinforcement Package,,,,4,E,
Int_HullReinforcement_Size4_Class2,internal,Hull Reinforcement Package,,,,4,D,
Int_HullReinforcement_Size5_Class1,internal,Hull Reinforcement Package,,,,5,E,
Int_HullReinforcement_Size5_Class2,internal,Hull Reinforcement Package,,,,5,D,
Hpt_Cannon_Gimbal_Large,hardpoint,Cannon,Gimballed,,,3,C,
DiamondBack_Armour_Grade1,standard,Lightweight Alloy,,,Diamondback Scout,1,I,
DiamondBack_Armour_Grade2,standard,Reinforced Alloy,,,Diamondback Scout,1,I,
DiamondBack_Armour_Grade3,standard,Military Grade Composite,,,Diamondback Scout,1,I,
DiamondBack_Armour_Mirrored,standard,Mirrored Surface Composite,,,Diamondback Scout,1,I,
DiamondBack_Armour_Reactive,standard,Reactive Surface Composite,,,Diamondback Scout,1,I,
Empire_Courier_Armour_Grade1,standard,Lightweight Alloy,,,Imperial Courier,1,I,
Empire_Courier_Armour_Grade2,standard,Reinforced Alloy,,,Imperial Courier,1,I,
Empire_Courier_Armour_Grade3,standard,Military Grade Composite,,,Imperial Courier,1,I,
Empire_Courier_Armour_Mirrored,standard,Mirrored Surface Composite,,,Imperial Courier,1,I,
Empire_Courier_Armour_Reactive,standard,Reactive Surface Composite,,,Imperial Courier,1,I,
Int_DroneControl_Collection_Size1_Class1,internal,Collector Limpet Controller,,,,1,E,
Int_DroneControl_Collection_Size1_Class2,internal,Collector Limpet Controller,,,,1,D,
Int_DroneControl_Collection_Size1_Class3,internal,Collector Limpet Controller,,,,1,C,
Int_DroneControl_Collection_Size1_Class4,internal,Collector Limpet Controller,,,,1,B,
Int_DroneControl_Collection_Size1_Class5,internal,Collector Limpet Controller,,,,1,A,
Int_DroneControl_Collection_Size3_Class1,internal,Collector Limpet Controller,,,,3,E,
Int_DroneControl_Collection_Size3_Class2,internal,Collector Limpet Controller,,,,3,D,
Int_DroneControl_Collection_Size3_Class3,internal,Collector Limpet Controller,,,,3,C,
Int_DroneControl_Collection_Size3_Class4,internal,Collector Limpet Controller,,,,3,B,
Int_DroneControl_Collection_Size3_Class5,internal,Collector Limpet Controller,,,,3,A,
Int_DroneControl_Collection_Size5_Class1,internal,Collector Limpet Controller,,,,5,E,
Int_DroneControl_Collection_Size5_Class2,internal,Collector Limpet Controller,,,,5,D,
Int_DroneControl_Collection_Size5_Class3,internal,Collector Limpet Controller,,,,5,C,
Int_DroneControl_Collection_Size5_Class4,internal,Collector Limpet Controller,,,,5,B,
Int_DroneControl_Collection_Size5_Class5,internal,Collector Limpet Controller,,,,5,A,
Int_DroneControl_Collection_Size7_Class1,internal,Collector Limpet Controller,,,,7,E,
Int_DroneControl_Collection_Size7_Class2,internal,Collector Limpet Controller,,,,7,D,
Int_DroneControl_Collection_Size7_Class3,internal,Collector Limpet Controller,,,,7,C,
Int_DroneControl_Collection_Size7_Class4,internal,Collector Limpet Controller,,,,7,B,
Int_DroneControl_Collection_Size7_Class5,internal,Collector Limpet Controller,,,,7,A,
Int_DroneControl_FuelTransfer_Size1_Class1,internal,Fuel Transfer Limpet Controller,,,,1,E,
Int_DroneControl_FuelTransfer_Size1_Class2,internal,Fuel Transfer Limpet Controller,,,,1,D,
Int_DroneControl_FuelTransfer_Size1_Class3,internal,Fuel Transfer Limpet Controller,,,,1,C,
Int_DroneControl_FuelTransfer_Size1_Class4,internal,Fuel Transfer Limpet Controller,,,,1,B,
Int_DroneControl_FuelTransfer_Size1_Class5,internal,Fuel Transfer Limpet Controller,,,,1,A,
Int_DroneControl_FuelTransfer_Size3_Class1,internal,Fuel Transfer Limpet Controller,,,,3,E,
Int_DroneControl_FuelTransfer_Size3_Class2,internal,Fuel Transfer Limpet Controller,,,,3,D,
Int_DroneControl_FuelTransfer_Size3_Class3,internal,Fuel Transfer Limpet Controller,,,,3,C,
Int_DroneControl_FuelTransfer_Size3_Class4,internal,Fuel Transfer Limpet Controller,,,,3,B,
Int_DroneControl_FuelTransfer_Size3_Class5,internal,Fuel Transfer Limpet Controller,,,,3,A,
Int_DroneControl_FuelTransfer_Size5_Class1,internal,Fuel Transfer Limpet Controller,,,,5,E,
Int_DroneControl_FuelTransfer_Size5_Class2,internal,Fuel Transfer Limpet Controller,,,,5,D,
Int_DroneControl_FuelTransfer_Size5_Class3,internal,Fuel Transfer Limpet Controller,,,,5,C,
Int_DroneControl_FuelTransfer_Size5_Class4,internal,Fuel Transfer Limpet Controller,,,,5,B,
Int_DroneControl_FuelTransfer_Size5_Class5,internal,Fuel Transfer Limpet Controller,,,,5,A,
Int_DroneControl_FuelTransfer_Size7_Class1,internal,Fuel Transfer Limpet Controller,,,,7,E,
Int_DroneControl_FuelTransfer_Size7_Class2,internal,Fuel Transfer Limpet Controller,,,,7,D,
Int_DroneControl_FuelTransfer_Size7_Class3,internal,Fuel Transfer Limpet Controller,,,,7,C,
Int_DroneControl_FuelTransfer_Size7_Class4,internal,Fuel Transfer Limpet Controller,,,,7,B,
Int_DroneControl_FuelTransfer_Size7_Class5,internal,Fuel Transfer Limpet Controller,,,,7,A,
Int_DroneControl_Prospector_Size1_Class1,internal,Prospector Limpet Controller,,,,1,E,
Int_DroneControl_Prospector_Size1_Class2,internal,Prospector Limpet Controller,,,,1,D,
Int_DroneControl_Prospector_Size1_Class3,internal,Prospector Limpet Controller,,,,1,C,
Int_DroneControl_Prospector_Size1_Class4,internal,Prospector Limpet Controller,,,,1,B,
Int_DroneControl_Prospector_Size1_Class5,internal,Prospector Limpet Controller,,,,1,A,
Int_DroneControl_Prospector_Size3_Class1,internal,Prospector Limpet Controller,,,,3,E,
Int_DroneControl_Prospector_Size3_Class2,internal,Prospector Limpet Controller,,,,3,D,
Int_DroneControl_Prospector_Size3_Class3,internal,Prospector Limpet Controller,,,,3,C,
Int_DroneControl_Prospector_Size3_Class4,internal,Prospector Limpet Controller,,,,3,B,
Int_DroneControl_Prospector_Size3_Class5,internal,Prospector Limpet Controller,,,,3,A,
Int_DroneControl_Prospector_Size5_Class1,internal,Prospector Limpet Controller,,,,5,E,
Int_DroneControl_Prospector_Size5_Class2,internal,Prospector Limpet Controller,,,,5,D,
Int_DroneControl_Prospector_Size5_Class3,internal,Prospector Limpet Controller,,,,5,C,
Int_DroneControl_Prospector_Size5_Class4,internal,Prospector Limpet Controller,,,,5,B,
Int_DroneControl_Prospector_Size5_Class5,internal,Prospector Limpet Controller,,,,5,A,
Int_DroneControl_Prospector_Size7_Class1,internal,Prospector Limpet Controller,,,,7,E,
Int_DroneControl_Prospector_Size7_Class2,internal,Prospector Limpet Controller,,,,7,D,
Int_DroneControl_Prospector_Size7_Class3,internal,Prospector Limpet Controller,,,,7,C,
Int_DroneControl_Prospector_Size7_Class4,internal,Prospector Limpet Controller,,,,7,B,
Int_DroneControl_Prospector_Size7_Class5,internal,Prospector Limpet Controller,,,,7,A,
Hpt_Slugshot_Gimbal_Large,hardpoint,Fragment Cannon,Gimballed,,,3,C,
Hpt_Slugshot_Turret_Large,hardpoint,Fragment Cannon,Turreted,,,3,C,
Int_ShieldGenerator_Size1_Class5_Strong,internal,Prismatic Shield Generator,,,,1,A,ELITE_SPECIFIC_V_POWER_100000
Int_ShieldGenerator_Size2_Class5_Strong,internal,Prismatic Shield Generator,,,,2,A,ELITE_SPECIFIC_V_POWER_100000
Int_ShieldGenerator_Size3_Class5_Strong,internal,Prismatic Shield Generator,,,,3,A,ELITE_SPECIFIC_V_POWER_100000
Int_ShieldGenerator_Size4_Class5_Strong,internal,Prismatic Shield Generator,,,,4,A,ELITE_SPECIFIC_V_POWER_100000
Int_ShieldGenerator_Size5_Class5_Strong,internal,Prismatic Shield Generator,,,,5,A,ELITE_SPECIFIC_V_POWER_100000
Int_ShieldGenerator_Size6_Class5_Strong,internal,Prismatic Shield Generator,,,,6,A,ELITE_SPECIFIC_V_POWER_100000
Int_ShieldGenerator_Size7_Class5_Strong,internal,Prismatic Shield Generator,,,,7,A,ELITE_SPECIFIC_V_POWER_100000
Int_ShieldGenerator_Size8_Class5_Strong,internal,Prismatic Shield Generator,,,,8,A,ELITE_SPECIFIC_V_POWER_100000
Int_ShieldGenerator_Size1_Class3_Fast,internal,Bi-Weave Shield Generator,,,,1,C,
Int_ShieldGenerator_Size2_Class3_Fast,internal,Bi-Weave Shield Generator,,,,2,C,
Int_ShieldGenerator_Size3_Class3_Fast,internal,Bi-Weave Shield Generator,,,,3,C,
Int_ShieldGenerator_Size4_Class3_Fast,internal,Bi-Weave Shield Generator,,,,4,C,
Int_ShieldGenerator_Size5_Class3_Fast,internal,Bi-Weave Shield Generator,,,,5,C,
Int_ShieldGenerator_Size6_Class3_Fast,internal,Bi-Weave Shield Generator,,,,6,C,
Int_ShieldGenerator_Size7_Class3_Fast,internal,Bi-Weave Shield Generator,,,,7,C,
Int_ShieldGenerator_Size8_Class3_Fast,internal,Bi-Weave Shield Generator,,,,8,C,
Hpt_PlasmaAccelerator_Fixed_Large_Advanced,hardpoint,Advanced Plasma Accelerator,Fixed,,,3,B,ELITE_SPECIFIC_V_POWER_100050
Hpt_MiningLaser_Fixed_Small_Advanced,hardpoint,Mining Lance,Fixed,,,1,D,ELITE_SPECIFIC_V_POWER_100080
Hpt_Railgun_Fixed_Medium_Burst,hardpoint,Imperial Hammer Rail Gun,Fixed,,,2,B,ELITE_SPECIFIC_V_POWER_100020
Hpt_PulseLaser_Fixed_Medium_Disruptor,hardpoint,Pulse Disruptor Laser,Fixed,,,2,E,ELITE_SPECIFIC_V_POWER_100040
Hpt_Slugshot_Fixed_Large_Range,hardpoint,Pacifier Frag-Cannon,Fixed,,,3,C,ELITE_SPECIFIC_V_POWER_100060
Hpt_DrunkMissileRack_Fixed_Medium,hardpoint,Pack-Hound Missile Rack,Fixed,Swarm,,2,B,ELITE_SPECIFIC_V_POWER_100070
Hpt_MultiCannon_Fixed_Small_Strong,hardpoint,Enforcer Cannon,Fixed,,,1,F,ELITE_SPECIFIC_V_POWER_100090
Hpt_BeamLaser_Fixed_Small_Heat,hardpoint,Retributor Beam Laser,Fixed,,,1,E,ELITE_SPECIFIC_V_POWER_100010
Hpt_MineLauncher_Fixed_Small_Impulse,hardpoint,Shock Mine Launcher,Fixed,,,1,I,
Hpt_PulseLaserBurst_Fixed_Small_Scatter,hardpoint,Cytoscrambler Burst Laser,Fixed,,,1,F,ELITE_SPECIFIC_V_POWER_100100
DiamondBackXL_Armour_Grade1,standard,Lightweight Alloy,,,Diamondback Explorer,1,I,
DiamondBackXL_Armour_Grade2,standard,Reinforced Alloy,,,Diamondback Explorer,1,I,
DiamondBackXL_Armour_Grade3,standard,Military Grade Composite,,,Diamondback Explorer,1,I,
DiamondBackXL_Armour_Mirrored,standard,Mirrored Surface Composite,,,Diamondback Explorer,1,I,
DiamondBackXL_Armour_Reactive,standard,Reactive Surface Composite,,,Diamondback Explorer,1,I,
Empire_Eagle_Armour_Grade1,standard,Lightweight Alloy,,,Imperial Eagle,1,I,
Empire_Eagle_Armour_Grade2,standard,Reinforced Alloy,,,Imperial Eagle,1,I,
Empire_Eagle_Armour_Grade3,standard,Military Grade Composite,,,Imperial Eagle,1,I,
Empire_Eagle_Armour_Mirrored,standard,Mirrored Surface Composite,,,Imperial Eagle,1,I,
Empire_Eagle_Armour_Reactive,standard,Reactive Surface Composite,,,Imperial Eagle,1,I,
Federation_Dropship_MkII_Armour_Grade1,standard,Lightweight Alloy,,,Federal Assault Ship,1,I,
Federation_Dropship_MkII_Armour_Grade2,standard,Reinforced Alloy,,,Federal Assault Ship,1,I,
Federation_Dropship_MkII_Armour_Grade3,standard,Military Grade Composite,,,Federal Assault Ship,1,I,
Federation_Dropship_MkII_Armour_Mirrored,standard,Mirrored Surface Composite,,,Federal Assault Ship,1,I,
Federation_Dropship_MkII_Armour_Reactive,standard,Reactive Surface Composite,,,Federal Assault Ship,1,I,
Federation_Gunship_Armour_Grade1,standard,Lightweight Alloy,,,Federal Gunship,1,I,
Federation_Gunship_Armour_Grade2,standard,Reinforced Alloy,,,Federal Gunship,1,I,
Federation_Gunship_Armour_Grade3,standard,Military Grade Composite,,,Federal Gunship,1,I,
Federation_Gunship_Armour_Mirrored,standard,Mirrored Surface Composite,,,Federal Gunship,1,I,
Federation_Gunship_Armour_Reactive,standard,Reactive Surface Composite,,,Federal Gunship,1,I,
Viper_MkIV_Armour_Grade1,standard,Lightweight Alloy,,,Viper MkIV,1,I,
Viper_MkIV_Armour_Grade2,standard,Reinforced Alloy,,,Viper MkIV,1,I,
Viper_MkIV_Armour_Grade3,standard,Military Grade Composite,,,Viper MkIV,1,I,
Viper_MkIV_Armour_Mirrored,standard,Mirrored Surface Composite,,,Viper MkIV,1,I,
Viper_MkIV_Armour_Reactive,standard,Reactive Surface Composite,,,Viper MkIV,1,I,
CobraMkIV_Armour_Grade1,standard,Lightweight Alloy,,,Cobra MkIV,1,I,
CobraMkIV_Armour_Grade2,standard,Reinforced Alloy,,,Cobra MkIV,1,I,
CobraMkIV_Armour_Grade3,standard,Military Grade Composite,,,Cobra MkIV,1,I,
CobraMkIV_Armour_Mirrored,standard,Mirrored Surface Composite,,,Cobra MkIV,1,I,
CobraMkIV_Armour_Reactive,standard,Reactive Surface Composite,,,Cobra MkIV,1,I,
Independant_Trader_Armour_Grade1,standard,Lightweight Alloy,,,Keelback,1,I,
Independant_Trader_Armour_Grade2,standard,Reinforced Alloy,,,Keelback,1,I,
Independant_Trader_Armour_Grade3,standard,Military Grade Composite,,,Keelback,1,I,
Independant_Trader_Armour_Mirrored,standard,Mirrored Surface Composite,,,Keelback,1,I,
Independant_Trader_Armour_Reactive,standard,Reactive Surface Composite,,,Keelback,1,I,
Asp_Scout_Armour_Grade1,standard,Lightweight Alloy,,,Asp Scout,1,I,
Asp_Scout_Armour_Grade2,standard,Reinforced Alloy,,,Asp Scout,1,I,
Asp_Scout_Armour_Grade3,standard,Military Grade Composite,,,Asp Scout,1,I,
Asp_Scout_Armour_Mirrored,standard,Mirrored Surface Composite,,,Asp Scout,1,I,
Asp_Scout_Armour_Reactive,standard,Reactive Surface Composite,,,Asp Scout,1,I,
Int_BuggyBay_Size2_Class1,internal,Planetary Vehicle Hangar,,,,2,H,ELITE_HORIZONS_V_PLANETARY_LANDINGS
Int_BuggyBay_Size2_Class2,internal,Planetary Vehicle Hangar,,,,2,G,ELITE_HORIZONS_V_PLANETARY_LANDINGS
Int_BuggyBay_Size4_Class1,internal,Planetary Vehicle Hangar,,,,4,H,ELITE_HORIZONS_V_PLANETARY_LANDINGS
Int_BuggyBay_Size4_Class2,internal,Planetary Vehicle Hangar,,,,4,G,ELITE_HORIZONS_V_PLANETARY_LANDINGS
Int_BuggyBay_Size6_Class1,internal,Planetary Vehicle Hangar,,,,6,H,ELITE_HORIZONS_V_PLANETARY_LANDINGS
Int_BuggyBay_Size6_Class2,internal,Planetary Vehicle Hangar,,,,6,G,ELITE_HORIZONS_V_PLANETARY_LANDINGS
Int_PlanetApproachSuite,internal,Planetary Approach Suite,,,,1,I,ELITE_HORIZONS_V_PLANETARY_LANDINGS
Int_CorrosionProofCargoRack_Size1_Class1,internal,Corrosion Resistant Cargo Rack,,,,1,E,ELITE_HORIZONS_V_PLANETARY_LANDINGS
Int_CorrosionProofCargoRack_Size1_Class2,internal,Corrosion Resistant Cargo Rack,,,,1,F,ELITE_HORIZONS_V_PLANETARY_LANDINGS
Hpt_BeamLaser_Gimbal_Huge,hardpoint,Beam Laser,Gimballed,,,4,A,
Hpt_PulseLaser_Gimbal_Huge,hardpoint,Pulse Laser,Gimballed,,,4,A,
Hpt_MultiCannon_Gimbal_Huge,hardpoint,Multi-Cannon,Gimballed,,,4,A,
Int_Engine_Size3_Class5_Fast,standard,Enhanced Performance Thrusters,,,,3,A,
Int_Engine_Size2_Class5_Fast,standard,Enhanced Performance Thrusters,,,,2,A,
Hpt_PulseLaserBurst_Gimbal_Huge,hardpoint,Burst Laser,Gimballed,,,4,E,
Int_PassengerCabin_Size4_Class1,internal,Economy Class Passenger Cabin,,,,4,E,
Int_PassengerCabin_Size4_Class2,internal,Business Class Passenger Cabin,,,,4,D,
Int_PassengerCabin_Size4_Class3,internal,First Class Passenger Cabin,,,,4,C,
Int_PassengerCabin_Size5_Class4,internal,Luxury Class Passenger Cabin,,,,5,B,
Int_PassengerCabin_Size6_Class1,internal,Economy Class Passenger Cabin,,,,6,E,
Int_PassengerCabin_Size6_Class2,internal,Business Class Passenger Cabin,,,,6,D,
Int_PassengerCabin_Size6_Class3,internal,First Class Passenger Cabin,,,,6,C,
Int_PassengerCabin_Size6_Class4,internal,Luxury Class Passenger Cabin,,,,6,B,
Int_FighterBay_Size5_Class1,internal,Fighter Hangar,,,,5,D,ELITE_HORIZONS_V_PLANETARY_LANDINGS
Int_FighterBay_Size6_Class1,internal,Fighter Hangar,,,,6,D,ELITE_HORIZONS_V_PLANETARY_LANDINGS
Int_FighterBay_Size7_Class1,internal,Fighter Hangar,,,,7,D,ELITE_HORIZONS_V_PLANETARY_LANDINGS
Hpt_DumbfireMissileRack_Fixed_Medium_Lasso,hardpoint,Rocket Propelled FSD Disruptor,Fixed,Dumbfire,,2,B,ELITE_SPECIFIC_V_POWER_100120
Int_PassengerCabin_Size2_Class1,internal,Economy Class Passenger Cabin,,,,2,E,
Int_PassengerCabin_Size3_Class1,internal,Economy Class Passenger Cabin,,,,3,E,
Int_PassengerCabin_Size3_Class2,internal,Business Class Passenger Cabin,,,,3,D,
Int_PassengerCabin_Size5_Class1,internal,Economy Class Passenger Cabin,,,,5,E,
Int_PassengerCabin_Size5_Class2,internal,Business Class Passenger Cabin,,,,5,D,
Int_PassengerCabin_Size5_Class3,internal,First Class Passenger Cabin,,,,5,C,
Int_ModuleReinforcement_Size1_Class1,internal,Module Reinforcement Package,,,,1,E,
Int_ModuleReinforcement_Size1_Class2,internal,Module Reinforcement Package,,,,1,D,
Int_ModuleReinforcement_Size2_Class1,internal,Module Reinforcement Package,,,,2,E,
Int_ModuleReinforcement_Size2_Class2,internal,Module Reinforcement Package,,,,2,D,
Int_ModuleReinforcement_Size3_Class1,internal,Module Reinforcement Package,,,,3,E,
Int_ModuleReinforcement_Size3_Class2,internal,Module Reinforcement Package,,,,3,D,
Int_ModuleReinforcement_Size4_Class1,internal,Module Reinforcement Package,,,,4,E,
Int_ModuleReinforcement_Size4_Class2,internal,Module Reinforcement Package,,,,4,D,
Int_ModuleReinforcement_Size5_Class1,internal,Module Reinforcement Package,,,,5,E,
Int_ModuleReinforcement_Size5_Class2,internal,Module Reinforcement Package,,,,5,D,
Hpt_MiningLaser_Turret_Small,hardpoint,Mining Laser,Turreted,,,1,D,
Hpt_MiningLaser_Turret_Medium,hardpoint,Mining Laser,Turreted,,,2,D,
Hpt_AntiUnknownShutdown_Tiny,utility,Shutdown Field Neutraliser,,,,0,F,ELITE_HORIZONS_V_PLANETARY_LANDINGS
Int_DroneControl_Repair_Size1_Class1,internal,Repair Limpet Controller,,,,1,E,
Int_DroneControl_Repair_Size1_Class2,internal,Repair Limpet Controller,,,,1,D,
Int_DroneControl_Repair_Size1_Class3,internal,Repair Limpet Controller,,,,1,C,
Int_DroneControl_Repair_Size1_Class4,internal,Repair Limpet Controller,,,,1,B,
Int_DroneControl_Repair_Size1_Class5,internal,Repair Limpet Controller,,,,1,A,
Int_DroneControl_Repair_Size3_Class1,internal,Repair Limpet Controller,,,,3,E,
Int_DroneControl_Repair_Size3_Class2,internal,Repair Limpet Controller,,,,3,D,
Int_DroneControl_Repair_Size3_Class3,internal,Repair Limpet Controller,,,,3,C,
Int_DroneControl_Repair_Size3_Class4,internal,Repair Limpet Controller,,,,3,B,
Int_DroneControl_Repair_Size3_Class5,internal,Repair Limpet Controller,,,,3,A,
Int_DroneControl_Repair_Size5_Class1,internal,Repair Limpet Controller,,,,5,E,
Int_DroneControl_Repair_Size5_Class2,internal,Repair Limpet Controller,,,,5,D,
Int_DroneControl_Repair_Size5_Class3,internal,Repair Limpet Controller,,,,5,C,
Int_DroneControl_Repair_Size5_Class4,internal,Repair Limpet Controller,,,,5,B,
Int_DroneControl_Repair_Size5_Class5,internal,Repair Limpet Controller,,,,5,A,
Int_DroneControl_Repair_Size7_Class1,internal,Repair Limpet Controller,,,,7,E,
Int_DroneControl_Repair_Size7_Class2,internal,Repair Limpet Controller,,,,7,D,
Int_DroneControl_Repair_Size7_Class3,internal,Repair Limpet Controller,,,,7,C,
Int_DroneControl_Repair_Size7_Class4,internal,Repair Limpet Controller,,,,7,B,
Int_DroneControl_Repair_Size7_Class5,internal,Repair Limpet Controller,,,,7,A,
Type9_Military_Armour_Grade1,standard,Lightweight Alloy,,,Type-10 Defender,1,I,ELITE_HORIZONS_V_PLANETARY_LANDINGS
Type9_Military_Armour_Grade2,standard,Reinforced Alloy,,,Type-10 Defender,1,I,ELITE_HORIZONS_V_PLANETARY_LANDINGS
Type9_Military_Armour_Grade3,standard,Military Grade Composite,,,Type-10 Defender,1,I,ELITE_HORIZONS_V_PLANETARY_LANDINGS
Type9_Military_Armour_Mirrored,standard,Mirrored Surface Composite,,,Type-10 Defender,1,I,ELITE_HORIZONS_V_PLANETARY_LANDINGS
Type9_Military_Armour_Reactive,standard,Reactive Surface Composite,,,Type-10 Defender,1,I,ELITE_HORIZONS_V_PLANETARY_LANDINGS
Hpt_FlakMortar_Fixed_Medium,hardpoint,Remote Release Flak Launcher,Fixed,,,2,B,ELITE_HORIZONS_V_PLANETARY_LANDINGS
Hpt_ATDumbfireMissile_Fixed_Medium,hardpoint,AX Missile Rack,Fixed,Dumbfire,,2,B,ELITE_HORIZONS_V_PLANETARY_LANDINGS
Hpt_ATDumbfireMissile_Fixed_Large,hardpoint,AX Missile Rack,Fixed,Dumbfire,,3,A,ELITE_HORIZONS_V_PLANETARY_LANDINGS
Hpt_ATMultiCannon_Fixed_Medium,hardpoint,AX Multi-Cannon,Fixed,,,2,E,ELITE_HORIZONS_V_PLANETARY_LANDINGS
Hpt_ATMultiCannon_Fixed_Large,hardpoint,AX Multi-Cannon,Fixed,,,3,C,ELITE_HORIZONS_V_PLANETARY_LANDINGS
Hpt_ATDumbfireMissile_Turret_Medium,hardpoint,AX Missile Rack,Turreted,Dumbfire,,2,B,ELITE_HORIZONS_V_PLANETARY_LANDINGS
Hpt_ATDumbfireMissile_Turret_Large,hardpoint,AX Missile Rack,Turreted,Dumbfire,,3,A,ELITE_HORIZONS_V_PLANETARY_LANDINGS
Hpt_FlakMortar_Turret_Medium,hardpoint,Remote Release Flak Launcher,Turreted,,,2,B,ELITE_HORIZONS_V_PLANETARY_LANDINGS
Hpt_ATMultiCannon_Turret_Medium,hardpoint,AX Multi-Cannon,Turreted,,,2,F,ELITE_HORIZONS_V_PLANETARY_LANDINGS
Hpt_ATMultiCannon_Turret_Large,hardpoint,AX Multi-Cannon,Turreted,,,3,E,ELITE_HORIZONS_V_PLANETARY_LANDINGS
Hpt_XenoScanner_Basic_Tiny,utility,Xeno Scanner,,,,0,E,ELITE_HORIZONS_V_PLANETARY_LANDINGS
Int_DroneControl_UnkVesselResearch,internal,Research Limpet Controller,,,,1,E,ELITE_HORIZONS_V_PLANETARY_LANDINGS
Int_MetaAlloyHullReinforcement_Size1_Class1,internal,Meta Alloy Hull Reinforcement,,,,1,E,ELITE_HORIZONS_V_METAHULL
Int_MetaAlloyHullReinforcement_Size1_Class2,internal,Meta Alloy Hull Reinforcement,,,,1,D,ELITE_HORIZONS_V_METAHULL
Int_MetaAlloyHullReinforcement_Size2_Class1,internal,Meta Alloy Hull Reinforcement,,,,2,E,ELITE_HORIZONS_V_METAHULL
Int_MetaAlloyHullReinforcement_Size2_Class2,internal,Meta Alloy Hull Reinforcement,,,,2,D,ELITE_HORIZONS_V_METAHULL
Int_MetaAlloyHullReinforcement_Size3_Class1,internal,Meta Alloy Hull Reinforcement,,,,3,E,ELITE_HORIZONS_V_METAHULL
Int_MetaAlloyHullReinforcement_Size3_Class2,internal,Meta Alloy Hull Reinforcement,,,,3,D,ELITE_HORIZONS_V_METAHULL
Int_MetaAlloyHullReinforcement_Size4_Class1,internal,Meta Alloy Hull Reinforcement,,,,4,E,ELITE_HORIZONS_V_METAHULL
Int_MetaAlloyHullReinforcement_Size4_Class2,internal,Meta Alloy Hull Reinforcement,,,,4,D,ELITE_HORIZONS_V_METAHULL
Int_MetaAlloyHullReinforcement_Size5_Class1,internal,Meta Alloy Hull Reinforcement,,,,5,E,ELITE_HORIZONS_V_METAHULL
Int_MetaAlloyHullReinforcement_Size5_Class2,internal,Meta Alloy Hull Reinforcement,,,,5,D,ELITE_HORIZONS_V_METAHULL
Int_DroneControl_Decontamination_Size1_Class1,internal,Decontamination Limpet Controller,,,,1,E,ELITE_HORIZONS_V_PLANETARY_LANDINGS
Int_DroneControl_Decontamination_Size3_Class1,internal,Decontamination Limpet Controller,,,,3,E,ELITE_HORIZONS_V_PLANETARY_LANDINGS
Int_DroneControl_Decontamination_Size5_Class1,internal,Decontamination Limpet Controller,,,,5,E,ELITE_HORIZONS_V_PLANETARY_LANDINGS
Int_DroneControl_Decontamination_Size7_Class1,internal,Decontamination Limpet Controller,,,,7,E,ELITE_HORIZONS_V_PLANETARY_LANDINGS
Hpt_XenoScannerMk2_Basic_Tiny,utility,Enhanced Xeno Scanner,,,,0,C,ELITE_HORIZONS_V_PLANETARY_LANDINGS
Krait_MkII_Armour_Grade1,standard,Lightweight Alloy,,,Krait MkII,1,I,ELITE_HORIZONS_V_PLANETARY_LANDINGS
Krait_MkII_Armour_Grade2,standard,Reinforced Alloy,,,Krait MkII,1,I,ELITE_HORIZONS_V_PLANETARY_LANDINGS
Krait_MkII_Armour_Grade3,standard,Military Grade Composite,,,Krait MkII,1,I,ELITE_HORIZONS_V_PLANETARY_LANDINGS
Krait_MkII_Armour_Mirrored,standard,Mirrored Surface Composite,,,Krait MkII,1,I,ELITE_HORIZONS_V_PLANETARY_LANDINGS
Krait_MkII_Armour_Reactive,standard,Reactive Surface Composite,,,Krait MkII,1,I,ELITE_HORIZONS_V_PLANETARY_LANDINGS
TypeX_Armour_Grade1,standard,Lightweight Alloy,,,Alliance Chieftain,1,I,ELITE_HORIZONS_V_PLANETARY_LANDINGS
TypeX_Armour_Grade2,standard,Reinforced Alloy,,,Alliance Chieftain,1,I,ELITE_HORIZONS_V_PLANETARY_LANDINGS
TypeX_Armour_Grade3,standard,Military Grade Composite,,,Alliance Chieftain,1,I,ELITE_HORIZONS_V_PLANETARY_LANDINGS
TypeX_Armour_Mirrored,standard,Mirrored Surface Composite,,,Alliance Chieftain,1,I,ELITE_HORIZONS_V_PLANETARY_LANDINGS
TypeX_Armour_Reactive,standard,Reactive Surface Composite,,,Alliance Chieftain,1,I,ELITE_HORIZONS_V_PLANETARY_LANDINGS
TypeX_2_Armour_Grade1,standard,Lightweight Alloy,,,Alliance Crusader,1,I,ELITE_HORIZONS_V_PLANETARY_LANDINGS
TypeX_2_Armour_Grade2,standard,Reinforced Alloy,,,Alliance Crusader,1,I,ELITE_HORIZONS_V_PLANETARY_LANDINGS
TypeX_2_Armour_Grade3,standard,Military Grade Composite,,,Alliance Crusader,1,I,ELITE_HORIZONS_V_PLANETARY_LANDINGS
TypeX_2_Armour_Mirrored,standard,Mirrored Surface Composite,,,Alliance Crusader,1,I,ELITE_HORIZONS_V_PLANETARY_LANDINGS
TypeX_2_Armour_Reactive,standard,Reactive Surface Composite,,,Alliance Crusader,1,I,ELITE_HORIZONS_V_PLANETARY_LANDINGS
TypeX_3_Armour_Grade1,standard,Lightweight Alloy,,,Alliance Challenger,1,I,ELITE_HORIZONS_V_PLANETARY_LANDINGS
TypeX_3_Armour_Grade2,standard,Reinforced Alloy,,,Alliance Challenger,1,I,ELITE_HORIZONS_V_PLANETARY_LANDINGS
TypeX_3_Armour_Grade3,standard,Military Grade Composite,,,Alliance Challenger,1,I,ELITE_HORIZONS_V_PLANETARY_LANDINGS
TypeX_3_Armour_Mirrored,standard,Mirrored Surface Composite,,,Alliance Challenger,1,I,ELITE_HORIZONS_V_PLANETARY_LANDINGS
TypeX_3_Armour_Reactive,standard,Reactive Surface Composite,,,Alliance Challenger,1,I,ELITE_HORIZONS_V_PLANETARY_LANDINGS
Hpt_Guardian_GaussCannon_Fixed_Medium,hardpoint,Guardian Gauss Cannon,Fixed,,,2,B,ELITE_HORIZONS_V_GUARDIAN_GAUSS_FIXED_MEDIUM
Int_CorrosionProofCargoRack_Size4_Class1,internal,Corrosion Resistant Cargo Rack,,,,4,E,ELITE_HORIZONS_V_CORROSIONCARGO_SIZE4
Int_GuardianHullReinforcement_Size1_Class1,internal,Guardian Hull Reinforcement,,,,1,E,ELITE_HORIZONS_V_GUARDIAN_HULLREINFORCEMENT
Int_GuardianHullReinforcement_Size1_Class2,internal,Guardian Hull Reinforcement,,,,1,D,ELITE_HORIZONS_V_GUARDIAN_HULLREINFORCEMENT
Int_GuardianHullReinforcement_Size2_Class1,internal,Guardian Hull Reinforcement,,,,2,E,ELITE_HORIZONS_V_GUARDIAN_HULLREINFORCEMENT
Int_GuardianHullReinforcement_Size2_Class2,internal,Guardian Hull Reinforcement,,,,2,D,ELITE_HORIZONS_V_GUARDIAN_HULLREINFORCEMENT
Int_GuardianHullReinforcement_Size3_Class1,internal,Guardian Hull Reinforcement,,,,3,E,ELITE_HORIZONS_V_GUARDIAN_HULLREINFORCEMENT
Int_GuardianHullReinforcement_Size3_Class2,internal,Guardian Hull Reinforcement,,,,3,D,ELITE_HORIZONS_V_GUARDIAN_HULLREINFORCEMENT
Int_GuardianHullReinforcement_Size4_Class1,internal,Guardian Hull Reinforcement,,,,4,E,ELITE_HORIZONS_V_GUARDIAN_HULLREINFORCEMENT
Int_GuardianHullReinforcement_Size4_Class2,internal,Guardian Hull Reinforcement,,,,4,D,ELITE_HORIZONS_V_GUARDIAN_HULLREINFORCEMENT
Int_GuardianHullReinforcement_Size5_Class1,internal,Guardian Hull Reinforcement,,,,5,E,ELITE_HORIZONS_V_GUARDIAN_HULLREINFORCEMENT
Int_GuardianHullReinforcement_Size5_Class2,internal,Guardian Hull Reinforcement,,,,5,D,ELITE_HORIZONS_V_GUARDIAN_HULLREINFORCEMENT
Int_GuardianModuleReinforcement_Size1_Class1,internal,Guardian Module Reinforcement,,,,1,E,ELITE_HORIZONS_V_GUARDIAN_MODULEREINFORCEMENT
Int_GuardianModuleReinforcement_Size1_Class2,internal,Guardian Module Reinforcement,,,,1,D,ELITE_HORIZONS_V_GUARDIAN_MODULEREINFORCEMENT
Int_GuardianModuleReinforcement_Size2_Class1,internal,Guardian Module Reinforcement,,,,2,E,ELITE_HORIZONS_V_GUARDIAN_MODULEREINFORCEMENT
Int_GuardianModuleReinforcement_Size2_Class2,internal,Guardian Module Reinforcement,,,,2,D,ELITE_HORIZONS_V_GUARDIAN_MODULEREINFORCEMENT
Int_GuardianModuleReinforcement_Size3_Class1,internal,Guardian Module Reinforcement,,,,3,E,ELITE_HORIZONS_V_GUARDIAN_MODULEREINFORCEMENT
Int_GuardianModuleReinforcement_Size3_Class2,internal,Guardian Module Reinforcement,,,,3,D,ELITE_HORIZONS_V_GUARDIAN_MODULEREINFORCEMENT
Int_GuardianModuleReinforcement_Size4_Class1,internal,Guardian Module Reinforcement,,,,4,E,ELITE_HORIZONS_V_GUARDIAN_MODULEREINFORCEMENT
Int_GuardianModuleReinforcement_Size4_Class2,internal,Guardian Module Reinforcement,,,,4,D,ELITE_HORIZONS_V_GUARDIAN_MODULEREINFORCEMENT
Int_GuardianModuleReinforcement_Size5_Class1,internal,Guardian Module Reinforcement,,,,5,E,ELITE_HORIZONS_V_GUARDIAN_MODULEREINFORCEMENT
Int_GuardianModuleReinforcement_Size5_Class2,internal,Guardian Module Reinforcement,,,,5,D,ELITE_HORIZONS_V_GUARDIAN_MODULEREINFORCEMENT
Int_GuardianShieldReinforcement_Size1_Class1,internal,Guardian Shield Reinforcement,,,,1,E,ELITE_HORIZONS_V_GUARDIAN_SHIELDREINFORCEMENT
Int_GuardianShieldReinforcement_Size1_Class2,internal,Guardian Shield Reinforcement,,,,1,D,ELITE_HORIZONS_V_GUARDIAN_SHIELDREINFORCEMENT
Int_GuardianShieldReinforcement_Size2_Class1,internal,Guardian Shield Reinforcement,,,,2,E,ELITE_HORIZONS_V_GUARDIAN_SHIELDREINFORCEMENT
Int_GuardianShieldReinforcement_Size2_Class2,internal,Guardian Shield Reinforcement,,,,2,D,ELITE_HORIZONS_V_GUARDIAN_SHIELDREINFORCEMENT
Int_GuardianShieldReinforcement_Size3_Class1,internal,Guardian Shield Reinforcement,,,,3,E,ELITE_HORIZONS_V_GUARDIAN_SHIELDREINFORCEMENT
Int_GuardianShieldReinforcement_Size3_Class2,internal,Guardian Shield Reinforcement,,,,3,D,ELITE_HORIZONS_V_GUARDIAN_SHIELDREINFORCEMENT
Int_GuardianShieldReinforcement_Size4_Class1,internal,Guardian Shield Reinforcement,,,,4,E,ELITE_HORIZONS_V_GUARDIAN_SHIELDREINFORCEMENT
Int_GuardianShieldReinforcement_Size4_Class2,internal,Guardian Shield Reinforcement,,,,4,D,ELITE_HORIZONS_V_GUARDIAN_SHIELDREINFORCEMENT
Int_GuardianShieldReinforcement_Size5_Class1,internal,Guardian Shield Reinforcement,,,,5,E,ELITE_HORIZONS_V_GUARDIAN_SHIELDREINFORCEMENT
Int_GuardianShieldReinforcement_Size5_Class2,internal,Guardian Shield Reinforcement,,,,5,D,ELITE_HORIZONS_V_GUARDIAN_SHIELDREINFORCEMENT
Int_GuardianFSDBooster_Size1,internal,Guardian FSD Booster,,,,1,H,ELITE_HORIZONS_V_GUARDIAN_FSDBOOSTER
Int_GuardianFSDBooster_Size2,internal,Guardian FSD Booster,,,,2,H,ELITE_HORIZONS_V_GUARDIAN_FSDBOOSTER
Int_GuardianFSDBooster_Size3,internal,Guardian FSD Booster,,,,3,H,ELITE_HORIZONS_V_GUARDIAN_FSDBOOSTER
Int_GuardianFSDBooster_Size4,internal,Guardian FSD Booster,,,,4,H,ELITE_HORIZONS_V_GUARDIAN_FSDBOOSTER
Int_GuardianFSDBooster_Size5,internal,Guardian FSD Booster,,,,5,H,ELITE_HORIZONS_V_GUARDIAN_FSDBOOSTER
Int_GuardianPowerDistributor_Size1,internal,Guardian Hybrid Power Distributor,,,,1,A,ELITE_HORIZONS_V_GUARDIAN_POWERDISTRIBUTOR
Int_GuardianPowerDistributor_Size2,internal,Guardian Hybrid Power Distributor,,,,2,A,ELITE_HORIZONS_V_GUARDIAN_POWERDISTRIBUTOR
Int_GuardianPowerDistributor_Size3,internal,Guardian Hybrid Power Distributor,,,,3,A,ELITE_HORIZONS_V_GUARDIAN_POWERDISTRIBUTOR
Int_GuardianPowerDistributor_Size4,internal,Guardian Hybrid Power Distributor,,,,4,A,ELITE_HORIZONS_V_GUARDIAN_POWERDISTRIBUTOR
Int_GuardianPowerDistributor_Size5,internal,Guardian Hybrid Power Distributor,,,,5,A,ELITE_HORIZONS_V_GUARDIAN_POWERDISTRIBUTOR
Int_GuardianPowerDistributor_Size6,internal,Guardian Hybrid Power Distributor,,,,6,A,ELITE_HORIZONS_V_GUARDIAN_POWERDISTRIBUTOR
Int_GuardianPowerDistributor_Size7,internal,Guardian Hybrid Power Distributor,,,,7,A,ELITE_HORIZONS_V_GUARDIAN_POWERDISTRIBUTOR
Int_GuardianPowerDistributor_Size8,internal,Guardian Hybrid Power Distributor,,,,8,A,ELITE_HORIZONS_V_GUARDIAN_POWERDISTRIBUTOR
Int_GuardianPowerplant_Size2,internal,Guardian Hybrid Power Plant,,,,2,A,ELITE_HORIZONS_V_GUARDIAN_POWERPLANT
Int_GuardianPowerplant_Size3,internal,Guardian Hybrid Power Plant,,,,3,A,ELITE_HORIZONS_V_GUARDIAN_POWERPLANT
Int_GuardianPowerplant_Size4,internal,Guardian Hybrid Power Plant,,,,4,A,ELITE_HORIZONS_V_GUARDIAN_POWERPLANT
Int_GuardianPowerplant_Size5,internal,Guardian Hybrid Power Plant,,,,5,A,ELITE_HORIZONS_V_GUARDIAN_POWERPLANT
Int_GuardianPowerplant_Size6,internal,Guardian Hybrid Power Plant,,,,6,A,ELITE_HORIZONS_V_GUARDIAN_POWERPLANT
Int_GuardianPowerplant_Size7,internal,Guardian Hybrid Power Plant,,,,7,A,ELITE_HORIZONS_V_GUARDIAN_POWERPLANT
Int_GuardianPowerplant_Size8,internal,Guardian Hybrid Power Plant,,,,8,A,ELITE_HORIZONS_V_GUARDIAN_POWERPLANT
Hpt_CausticMissile_Fixed_Medium,hardpoint,Enzyme Missile Rack,Fixed,Dumbfire,,2,B,ELITE_HORIZONS_V_CAUSTIC_MEDIUM
Hpt_FlechetteLauncher_Fixed_Medium,hardpoint,Remote Release Flechette Launcher,Fixed,,,2,B,ELITE_HORIZONS_V_FLECHETTE_FIXED_MEDIUM
Hpt_FlechetteLauncher_Turret_Medium,hardpoint,Remote Release Flechette Launcher,Turreted,,,2,B,ELITE_HORIZONS_V_FLECHETTE_TURRET_MEDIUM
Hpt_Guardian_PlasmaLauncher_Fixed_Medium,hardpoint,Guardian Plasma Charger,Fixed,,,2,B,ELITE_HORIZONS_V_GUARDIAN_PLASMA_FIXED_MEDIUM
Hpt_Guardian_PlasmaLauncher_Turret_Medium,hardpoint,Guardian Plasma Charger,Turreted,,,2,E,ELITE_HORIZONS_V_GUARDIAN_PLASMA_TURRET_MEDIUM
Hpt_Guardian_ShardCannon_Fixed_Medium,hardpoint,Guardian Shard Cannon,Fixed,,,2,A,ELITE_HORIZONS_V_GUARDIAN_SHARD_FIXED_MEDIUM
Hpt_Guardian_ShardCannon_Turret_Medium,hardpoint,Guardian Shard Cannon,Turreted,,,2,D,ELITE_HORIZONS_V_GUARDIAN_SHARD_TURRET_MEDIUM
Hpt_PlasmaShockCannon_Fixed_Medium,hardpoint,Shock Cannon,Fixed,,,2,D,ELITE_HORIZONS_V_PLASMASHOCK_FIXED_MEDIUM
Hpt_PlasmaShockCannon_Gimbal_Medium,hardpoint,Shock Cannon,Gimballed,,,2,D,ELITE_HORIZONS_V_PLASMASHOCK_GIMBAL_MEDIUM
Hpt_PlasmaShockCannon_Turret_Medium,hardpoint,Shock Cannon,Turreted,,,2,E,ELITE_HORIZONS_V_PLASMASHOCK_TURRET_MEDIUM
Hpt_Guardian_ShardCannon_Fixed_Large,hardpoint,Guardian Shard Cannon,Fixed,,,3,C,ELITE_HORIZONS_V_GUARDIAN_SHARD_FIXED_LARGE
Hpt_Guardian_ShardCannon_Turret_Large,hardpoint,Guardian Shard Cannon,Turreted,,,3,D,ELITE_HORIZONS_V_GUARDIAN_SHARD_TURRET_LARGE
Hpt_PlasmaShockCannon_Fixed_Large,hardpoint,Shock Cannon,Fixed,,,3,C,ELITE_HORIZONS_V_PLASMASHOCK_FIXED_LARGE
Hpt_PlasmaShockCannon_Gimbal_Large,hardpoint,Shock Cannon,Gimballed,,,3,C,ELITE_HORIZONS_V_PLASMASHOCK_GIMBAL_LARGE
Hpt_PlasmaShockCannon_Turret_Large,hardpoint,Shock Cannon,Turreted,,,3,D,ELITE_HORIZONS_V_PLASMASHOCK_TURRET_LARGE
Hpt_Guardian_PlasmaLauncher_Fixed_Large,hardpoint,Guardian Plasma Charger,Fixed,,,3,C,ELITE_HORIZONS_V_GUARDIAN_PLASMA_FIXED_LARGE
Hpt_Guardian_PlasmaLauncher_Turret_Large,hardpoint,Guardian Plasma Charger,Turreted,,,3,D,ELITE_HORIZONS_V_GUARDIAN_PLASMA_TURRET_LARGE
Int_DroneControl_Recon_Size1_Class1,internal,Recon Limpet Controller,,,,1,E,
Krait_Light_Armour_Grade1,standard,Lightweight Alloy,,,Krait Phantom,1,I,ELITE_HORIZONS_V_PLANETARY_LANDINGS
Krait_Light_Armour_Grade2,standard,Reinforced Alloy,,,Krait Phantom,1,I,ELITE_HORIZONS_V_PLANETARY_LANDINGS
Krait_Light_Armour_Grade3,standard,Military Grade Composite,,,Krait Phantom,1,I,ELITE_HORIZONS_V_PLANETARY_LANDINGS
Krait_Light_Armour_Mirrored,standard,Mirrored Surface Composite,,,Krait Phantom,1,I,ELITE_HORIZONS_V_PLANETARY_LANDINGS
Krait_Light_Armour_Reactive,standard,Reactive Surface Composite,,,Krait Phantom,1,I,ELITE_HORIZONS_V_PLANETARY_LANDINGS
Int_DroneControl_Recon_Size3_Class1,internal,Recon Limpet Controller,,,,3,E,
Int_DroneControl_Recon_Size5_Class1,internal,Recon Limpet Controller,,,,5,E,
Int_DroneControl_Recon_Size7_Class1,internal,Recon Limpet Controller,,,,7,E,
Hpt_DumbfireMissileRack_Fixed_Large,hardpoint,Missile Rack,Fixed,Dumbfire,,3,A,ELITE_HORIZONS_V_PLANETARY_LANDINGS
Hpt_PlasmaShockCannon_Turret_Small,hardpoint,Shock Cannon,Turreted,,,1,F,ELITE_HORIZONS_V_PLASMASHOCK_TURRET_SMALL
Hpt_PlasmaShockCannon_Gimbal_Small,hardpoint,Shock Cannon,Gimballed,,,1,E,ELITE_HORIZONS_V_PLASMASHOCK_GIMBAL_SMALL
Hpt_PlasmaShockCannon_Fixed_Small,hardpoint,Shock Cannon,Fixed,,,1,D,ELITE_HORIZONS_V_PLASMASHOCK_FIXED_SMALL
Hpt_Guardian_PlasmaLauncher_Turret_Small,hardpoint,Guardian Plasma Charger,Turreted,,,1,F,ELITE_HORIZONS_V_GUARDIAN_PLASMA_TURRET_SMALL
Hpt_Guardian_PlasmaLauncher_Fixed_Small,hardpoint,Guardian Plasma Charger,Fixed,,,1,D,ELITE_HORIZONS_V_GUARDIAN_PLASMA_FIXED_SMALL
Hpt_Guardian_ShardCannon_Turret_Small,hardpoint,Guardian Shard Cannon,Turreted,,,1,F,ELITE_HORIZONS_V_GUARDIAN_SHARD_TURRET_SMALL
Hpt_Guardian_ShardCannon_Fixed_Small,hardpoint,Guardian Shard Cannon,Fixed,,,1,D,ELITE_HORIZONS_V_GUARDIAN_SHARD_FIXED_SMALL
Hpt_Guardian_GaussCannon_Fixed_Small,hardpoint,Guardian Gauss Cannon,Fixed,,,1,D,ELITE_HORIZONS_V_GUARDIAN_GAUSS_FIXED_SMALL
Hpt_Mining_SubSurfDispMisle_Fixed_Small,hardpoint,Sub-Surface Displacement Missile,Fixed,Seeker,,1,B,
Hpt_Mining_SubSurfDispMisle_Turret_Small,hardpoint,Sub-Surface Displacement Missile,Turreted,Seeker,,1,B,
Hpt_Mining_SubSurfDispMisle_Fixed_Medium,hardpoint,Sub-Surface Displacement Missile,Fixed,Seeker,,2,B,
Hpt_Mining_SubSurfDispMisle_Turret_Medium,hardpoint,Sub-Surface Displacement Missile,Turreted,Seeker,,2,B,
Hpt_Mining_AbrBlstr_Fixed_Small,hardpoint,Abrasion Blaster,Fixed,,,1,D,
Hpt_Mining_AbrBlstr_Turret_Small,hardpoint,Abrasion Blaster,Turreted,,,1,D,
Hpt_Mining_SeismChrgWarhd_Fixed_Medium,hardpoint,Seismic Charge Launcher,Fixed,Seeker,,2,B,
Hpt_Mining_SeismChrgWarhd_Turret_Medium,hardpoint,Seismic Charge Launcher,Turreted,Seeker,,2,B,
Hpt_MRAScanner_Size0_Class1,utility,Pulse Wave Analyser,,,,0,E,
Hpt_MRAScanner_Size0_Class2,utility,Pulse Wave Analyser,,,,0,D,
Hpt_MRAScanner_Size0_Class3,utility,Pulse Wave Analyser,,,,0,C,
Hpt_MRAScanner_Size0_Class4,utility,Pulse Wave Analyser,,,,0,B,
Hpt_MRAScanner_Size0_Class5,utility,Pulse Wave Analyser,,,,0,A,
Mamba_Armour_Grade1,standard,Lightweight Alloy,,,Mamba,1,I,ELITE_HORIZONS_V_PLANETARY_LANDINGS
Mamba_Armour_Grade2,standard,Reinforced Alloy,,,Mamba,1,I,ELITE_HORIZONS_V_PLANETARY_LANDINGS
Mamba_Armour_Grade3,standard,Military Grade Composite,,,Mamba,1,I,ELITE_HORIZONS_V_PLANETARY_LANDINGS
Mamba_Armour_Mirrored,standard,Mirrored Surface Composite,,,Mamba,1,I,ELITE_HORIZONS_V_PLANETARY_LANDINGS
Mamba_Armour_Reactive,standard,Reactive Surface Composite,,,Mamba,1,I,ELITE_HORIZONS_V_PLANETARY_LANDINGS
Int_SupercruiseAssist,internal,Supercruise Assist,,,,1,E,
Int_DockingComputer_Advanced,internal,Advanced Docking Computer,,,,1,E,
Hpt_MultiCannon_Fixed_Medium_Advanced,hardpoint,Advanced Multi-Cannon,Fixed,,,2,E,
Hpt_MultiCannon_Fixed_Small_Advanced,hardpoint,Advanced Multi-Cannon,Fixed,,,1,F,
Hpt_DumbfireMissileRack_Fixed_Small_Advanced,hardpoint,Advanced Missile Rack,Fixed,Dumbfire,,1,B,
Hpt_DumbfireMissileRack_Fixed_Medium_Advanced,hardpoint,Advanced Missile Rack,Fixed,Dumbfire,,2,B,
Int_PlanetApproachSuite_Advanced,internal,Advanced Planetary Approach Suite,,,,1,I,ELITE_HORIZONS_V_PLANETARY_LANDINGS
Int_MultiDroneControl_Mining_Size3_Class1,internal,Mining Multi Limpet Controller,,,,3,E,
Int_MultiDroneControl_Mining_Size3_Class3,internal,Mining Multi Limpet Controller,,,,3,C,
Int_MultiDroneControl_Operations_Size3_Class3,internal,Operations Multi Limpet Controller,,,,3,C,
Int_MultiDroneControl_Operations_Size3_Class4,internal,Operations Multi Limpet Controller,,,,3,B,
Int_MultiDroneControl_Rescue_Size3_Class2,internal,Rescue Multi Limpet Controller,,,,3,D,
Int_MultiDroneControl_Rescue_Size3_Class3,internal,Rescue Multi Limpet Controller,,,,3,C,
Int_MultiDroneControl_Xeno_Size3_Class3,internal,Xeno Multi Limpet Controller,,,,3,C,
Int_MultiDroneControl_Xeno_Size3_Class4,internal,Xeno Multi Limpet Controller,,,,3,B,
Int_MultiDroneControl_Universal_Size7_Class3,internal,Universal Multi Limpet Controller,,,,7,C,
Int_MultiDroneControl_Universal_Size7_Class5,internal,Universal Multi Limpet Controller,,,,7,A,
Int_ExpModuleStabiliser_Size3_Class3,internal,Experimental Weapon Stabiliser,,,,3,F,
Int_ExpModuleStabiliser_Size5_Class3,internal,Experimental Weapon Stabiliser,,,,5,F,ELITE_HORIZONS_V_EXPERIMENTALSTABILISER_SIZE5
Hpt_CausticSinkLauncher_Turret_Tiny,utility,Caustic Sink Launcher,,,,0,I,?
Hpt_ATDumbfireMissile_Fixed_Large_V2,hardpoint,Enhanced AX Missile Rack,Fixed,Dumbfire,,3,B,ELITE_HORIZONS_V_PLANETARY_LANDINGS
Hpt_ATMultiCannon_Fixed_Medium_V2,hardpoint,Enhanced AX Multi-Cannon,Fixed,,,2,D,ELITE_HORIZONS_V_PLANETARY_LANDINGS
Hpt_ATDumbfireMissile_Fixed_Medium_V2,hardpoint,Enhanced AX Missile Rack,Fixed,Dumbfire,,2,D,ELITE_HORIZONS_V_PLANETARY_LANDINGS
Hpt_ATDumbfireMissile_Turret_Large_V2,hardpoint,Enhanced AX Missile Rack,Turreted,Dumbfire,,3,D,ELITE_HORIZONS_V_PLANETARY_LANDINGS
Hpt_ATDumbfireMissile_Turret_Medium_V2,hardpoint,Enhanced AX Missile Rack,Turreted,Dumbfire,,2,E,ELITE_HORIZONS_V_PLANETARY_LANDINGS
Hpt_ATMultiCannon_Fixed_Large_V2,hardpoint,Enhanced AX Multi-Cannon,Fixed,,,3,B,ELITE_HORIZONS_V_PLANETARY_LANDINGS
Hpt_ATMultiCannon_Turret_Large_V2,hardpoint,Enhanced AX Multi-Cannon,Turreted,,,3,D,ELITE_HORIZONS_V_PLANETARY_LANDINGS
Hpt_ATMultiCannon_Turret_Medium_V2,hardpoint,Enhanced AX Multi-Cannon,Turreted,,,2,E,ELITE_HORIZONS_V_PLANETARY_LANDINGS
Hpt_ATMultiCannon_Gimbal_Large,hardpoint,Enhanced AX Multi-Cannon,Gimballed,,,3,C,ELITE_HORIZONS_V_PLANETARY_LANDINGS
Hpt_ATMultiCannon_Gimbal_Medium,hardpoint,Enhanced AX Multi-Cannon,Gimballed,,,2,E,ELITE_HORIZONS_V_PLANETARY_LANDINGS
Hpt_AntiUnknownShutdown_Tiny_V2,utility,Thargoid Pulse Neutraliser,,,,0,E,?
Hpt_XenoScanner_Advanced_Tiny,utility,Pulse Wave Xeno Scanner,,,,0,C,
Hpt_Human_Extraction_Fixed_Medium,hardpoint,Sub-Surface Extraction Missile,Fixed,Seeker,,2,B,
Hpt_ATVentDisruptorPylon_Fixed_Medium,hardpoint,Guardian Nanite Torpedo Pylon,Fixed,,,2,I,
Hpt_ATVentDisruptorPylon_Fixed_Large,hardpoint,Guardian Nanite Torpedo Pylon,Fixed,,,3,I,
Python_NX_Armour_Grade1,standard,Lightweight Alloy,,,Python MkII,1,I,
Python_NX_Armour_Grade2,standard,Reinforced Alloy,,,Python MkII,1,I,
Python_NX_Armour_Grade3,standard,Military Grade Composite,,,Python MkII,1,I,
Python_NX_Armour_Mirrored,standard,Mirrored Surface Composite,,,Python MkII,1,I,
Python_NX_Armour_Reactive,standard,Reactive Surface Composite,,,Python MkII,1,I,
Int_Hyperdrive_Overcharge_Size5_Class3,standard,Frame Shift Drive (SCO),,,,5,C,
Int_Hyperdrive_Overcharge_Size7_Class3,standard,Frame Shift Drive (SCO),,,,7,C,
Int_Hyperdrive_Overcharge_Size6_Class3,standard,Frame Shift Drive (SCO),,,,6,C,
Int_Hyperdrive_Overcharge_Size4_Class3,standard,Frame Shift Drive (SCO),,,,4,C,
Int_Hyperdrive_Overcharge_Size3_Class3,standard,Frame Shift Drive (SCO),,,,3,C,
Int_Hyperdrive_Overcharge_Size2_Class3,standard,Frame Shift Drive (SCO),,,,2,C,
Type8_Armour_Grade1,standard,Lightweight Alloy,,,Type-8 Transporter,1,I,
Type8_Armour_Grade2,standard,Reinforced Alloy,,,Type-8 Transporter,1,I,
Type8_Armour_Grade3,standard,Military Grade Composite,,,Type-8 Transporter,1,I,
Type8_Armour_Mirrored,standard,Mirrored Surface Composite,,,Type-8 Transporter,1,I,
Type8_Armour_Reactive,standard,Reactive Surface Composite,,,Type-8 Transporter,1,I,
Int_Hyperdrive_Overcharge_Size2_Class1,standard,Frame Shift Drive (SCO),,,,2,E,
Int_Hyperdrive_Overcharge_Size2_Class2,standard,Frame Shift Drive (SCO),,,,2,D,
Int_Hyperdrive_Overcharge_Size2_Class4,standard,Frame Shift Drive (SCO),,,,2,B,
Int_Hyperdrive_Overcharge_Size2_Class5,standard,Frame Shift Drive (SCO),,,,2,A,
Int_Hyperdrive_Overcharge_Size3_Class1,standard,Frame Shift Drive (SCO),,,,3,E,
Int_Hyperdrive_Overcharge_Size3_Class2,standard,Frame Shift Drive (SCO),,,,3,D,
Int_Hyperdrive_Overcharge_Size3_Class4,standard,Frame Shift Drive (SCO),,,,3,B,
Int_Hyperdrive_Overcharge_Size3_Class5,standard,Frame Shift Drive (SCO),,,,3,A,
Int_Hyperdrive_Overcharge_Size4_Class1,standard,Frame Shift Drive (SCO),,,,4,E,
Int_Hyperdrive_Overcharge_Size4_Class2,standard,Frame Shift Drive (SCO),,,,4,D,
Int_Hyperdrive_Overcharge_Size4_Class4,standard,Frame Shift Drive (SCO),,,,4,B,
Int_Hyperdrive_Overcharge_Size4_Class5,standard,Frame Shift Drive (SCO),,,,4,A,
Int_Hyperdrive_Overcharge_Size5_Class1,standard,Frame Shift Drive (SCO),,,,5,E,
Int_Hyperdrive_Overcharge_Size5_Class2,standard,Frame Shift Drive (SCO),,,,5,D,
Int_Hyperdrive_Overcharge_Size5_Class4,standard,Frame Shift Drive (SCO),,,,5,B,
Int_Hyperdrive_Overcharge_Size5_Class5,standard,Frame Shift Drive (SCO),,,,5,A,
Int_Hyperdrive_Overcharge_Size6_Class1,standard,Frame Shift Drive (SCO),,,,6,E,
Int_Hyperdrive_Overcharge_Size6_Class2,standard,Frame Shift Drive (SCO),,,,6,D,
Int_Hyperdrive_Overcharge_Size6_Class4,standard,Frame Shift Drive (SCO),,,,6,B,
Int_Hyperdrive_Overcharge_Size6_Class5,standard,Frame Shift Drive (SCO),,,,6,A,
Int_Hyperdrive_Overcharge_Size7_Class1,standard,Frame Shift Drive (SCO),,,,7,E,
Int_Hyperdrive_Overcharge_Size7_Class2,standard,Frame Shift Drive (SCO),,,,7,D,
Int_Hyperdrive_Overcharge_Size7_Class4,standard,Frame Shift Drive (SCO),,,,7,B,
Int_Hyperdrive_Overcharge_Size7_Class5,standard,Frame Shift Drive (SCO),,,,7,A,
